-- Урок 4. Домашнее задание (дополнение).

-- ================================================================================================
-- Задача № 5. Написать название темы курсового проекта.

-- База данных: TETARW
-- Tracking Employee Time At Remote Work (отслеживание рабочего времени сотрудника на удаленной работ)
-- version 1.0.0
-- date of creation 02.02.2021 г.

/* 1. Описание.
 * 
 * База данных `tetarw` в совокупности со специализированным програмным обеспечением предназначена
 * для отслеживания времени, проведенного сотрудником организации, при удаленном выполнении обязанностей
 * в соответствии с трудовым договором и указаниями руководящего состава.
 *  
 * 2. Задачи.
 * 
 * Осуществление функций хранения данных:
 * - о сотруднике;
 * - о подразделениях организации и перечня долностей;
 * - регламента рабочего времени в подразделениях организации;
 * - о времени начала и окончания рабочего дня сотрудника;
 * - o наличии сотрудника на удаленном рабочем месте;
 * - о поставленных задачах сотруднику и сроках их выполнения;
 * - о програмном обеспечении, используемом сотрудником для выполнения поставленной задачи и времени 
 *   его использования;
 * - служебных сообщений, переданных (принятых) в служебном мессенжере;
 * - об использовании програмного обеспечения и действиях, запрещенных при выполнении обязанностей, 
 *   в соответствии с договором и указаниями руководящего состава;
 * - о причинах отсутствия сотрудника на удаленном рабочем месте.
 */


DROP DATABASE IF EXISTS vk;
CREATE DATABASE vk;
USE vk;

-- ================================================================================================
-- Занача № 1. Заполнить все таблицы БД vk данными (по 10-100 записей в каждой таблице).
-- 
-- Таблицы базы данных "vk" заполнены по 100 записей с использованием сервиса для
-- генераци данных "Dummy Data for MYSQL Database" (http://filldb.info/)


-- MariaDB dump 10.17  Distrib 10.4.15-MariaDB, for Linux (x86_64)
--
-- Host: mysql.hostinger.ro    Database: u574849695_17
-- ------------------------------------------------------
-- Server version	10.4.15-MariaDB-cll-lve

/*!40101 SET @OLD_CHARACTER_SET_CLIENT=@@CHARACTER_SET_CLIENT */;
/*!40101 SET @OLD_CHARACTER_SET_RESULTS=@@CHARACTER_SET_RESULTS */;
/*!40101 SET @OLD_COLLATION_CONNECTION=@@COLLATION_CONNECTION */;
/*!40101 SET NAMES utf8mb4 */;
/*!40103 SET @OLD_TIME_ZONE=@@TIME_ZONE */;
/*!40103 SET TIME_ZONE='+00:00' */;
/*!40014 SET @OLD_UNIQUE_CHECKS=@@UNIQUE_CHECKS, UNIQUE_CHECKS=0 */;
/*!40014 SET @OLD_FOREIGN_KEY_CHECKS=@@FOREIGN_KEY_CHECKS, FOREIGN_KEY_CHECKS=0 */;
/*!40101 SET @OLD_SQL_MODE=@@SQL_MODE, SQL_MODE='NO_AUTO_VALUE_ON_ZERO' */;
/*!40111 SET @OLD_SQL_NOTES=@@SQL_NOTES, SQL_NOTES=0 */;

--
-- Table structure for table `communities`
--

DROP TABLE IF EXISTS `communities`;
/*!40101 SET @saved_cs_client     = @@character_set_client */;
/*!40101 SET character_set_client = utf8 */;
CREATE TABLE `communities` (
  `id` bigint(20) unsigned NOT NULL AUTO_INCREMENT,
  `name` varchar(150) COLLATE utf8mb4_unicode_ci DEFAULT NULL,
  `admin_user_id` bigint(20) unsigned DEFAULT NULL,
  PRIMARY KEY (`id`),
  KEY `communities_name_idx` (`name`),
  KEY `admin_user_id` (`admin_user_id`),
  CONSTRAINT `communities_ibfk_1` FOREIGN KEY (`admin_user_id`) REFERENCES `users` (`id`) ON DELETE SET NULL ON UPDATE CASCADE
) ENGINE=InnoDB AUTO_INCREMENT=101 DEFAULT CHARSET=utf8mb4 COLLATE=utf8mb4_unicode_ci;
/*!40101 SET character_set_client = @saved_cs_client */;

--
-- Dumping data for table `communities`
--

LOCK TABLES `communities` WRITE;
/*!40000 ALTER TABLE `communities` DISABLE KEYS */;
INSERT INTO `communities` VALUES (1,'provident',1),(2,'explicabo',2),(3,'labore',3),(4,'nam',4),(5,'et',5),(6,'consequatur',6),(7,'voluptatem',7),(8,'ut',8),(9,'dolorem',9),(10,'dolorem',10),(11,'vel',11),(12,'reiciendis',12),(13,'animi',13),(14,'et',14),(15,'vel',15),(16,'alias',16),(17,'rerum',17),(18,'beatae',18),(19,'suscipit',19),(20,'at',20),(21,'voluptatem',21),(22,'eveniet',22),(23,'quia',23),(24,'consequatur',24),(25,'nobis',25),(26,'reprehenderit',26),(27,'in',27),(28,'et',28),(29,'iure',29),(30,'occaecati',30),(31,'rerum',31),(32,'assumenda',32),(33,'non',33),(34,'quo',34),(35,'accusantium',35),(36,'numquam',36),(37,'facilis',37),(38,'rem',38),(39,'atque',39),(40,'consequuntur',40),(41,'suscipit',41),(42,'et',42),(43,'odio',43),(44,'velit',44),(45,'corporis',45),(46,'non',46),(47,'sint',47),(48,'sapiente',48),(49,'sapiente',49),(50,'accusamus',50),(51,'sit',51),(52,'autem',52),(53,'dolor',53),(54,'numquam',54),(55,'cumque',55),(56,'est',56),(57,'saepe',57),(58,'sunt',58),(59,'voluptatem',59),(60,'aut',60),(61,'et',61),(62,'et',62),(63,'minima',63),(64,'sit',64),(65,'inventore',65),(66,'dicta',66),(67,'et',67),(68,'nisi',68),(69,'voluptates',69),(70,'sapiente',70),(71,'in',71),(72,'et',72),(73,'laudantium',73),(74,'repellat',74),(75,'itaque',75),(76,'dolores',76),(77,'deserunt',77),(78,'aut',78),(79,'hic',79),(80,'unde',80),(81,'quas',81),(82,'sed',82),(83,'quia',83),(84,'dolores',84),(85,'quis',85),(86,'doloribus',86),(87,'eos',87),(88,'incidunt',88),(89,'est',89),(90,'qui',90),(91,'neque',91),(92,'sit',92),(93,'non',93),(94,'iusto',94),(95,'optio',95),(96,'recusandae',96),(97,'dicta',97),(98,'nisi',98),(99,'debitis',99),(100,'corporis',100);
/*!40000 ALTER TABLE `communities` ENABLE KEYS */;
UNLOCK TABLES;

--
-- Table structure for table `friend_requests`
--

DROP TABLE IF EXISTS `friend_requests`;
/*!40101 SET @saved_cs_client     = @@character_set_client */;
/*!40101 SET character_set_client = utf8 */;
CREATE TABLE `friend_requests` (
  `initiator_user_id` bigint(20) unsigned NOT NULL,
  `target_user_id` bigint(20) unsigned NOT NULL,
  `status` enum('requested','approved','declined','unfriended') COLLATE utf8mb4_unicode_ci DEFAULT NULL,
  `requested_at` datetime DEFAULT current_timestamp(),
  `updated_at` datetime DEFAULT NULL ON UPDATE current_timestamp(),
  PRIMARY KEY (`initiator_user_id`,`target_user_id`),
  KEY `target_user_id` (`target_user_id`),
  CONSTRAINT `friend_requests_ibfk_1` FOREIGN KEY (`initiator_user_id`) REFERENCES `users` (`id`) ON DELETE CASCADE ON UPDATE CASCADE,
  CONSTRAINT `friend_requests_ibfk_2` FOREIGN KEY (`target_user_id`) REFERENCES `users` (`id`) ON DELETE CASCADE ON UPDATE CASCADE
) ENGINE=InnoDB DEFAULT CHARSET=utf8mb4 COLLATE=utf8mb4_unicode_ci;
/*!40101 SET character_set_client = @saved_cs_client */;

--
-- Dumping data for table `friend_requests`
--

LOCK TABLES `friend_requests` WRITE;
/*!40000 ALTER TABLE `friend_requests` DISABLE KEYS */;
INSERT INTO `friend_requests` VALUES (1,1,'unfriended','1994-04-18 21:55:22','1986-04-29 01:02:20'),(2,2,'approved','2019-03-10 08:19:11','1975-01-03 20:32:04'),(3,3,'unfriended','2015-05-31 18:00:25','1987-08-17 01:54:31'),(4,4,'declined','1982-10-12 14:23:39','1976-02-07 13:46:04'),(5,5,'unfriended','2009-01-26 00:47:39','1997-12-11 16:14:09'),(6,6,'unfriended','1985-04-02 22:48:57','2007-03-28 01:22:14'),(7,7,'declined','1977-12-05 00:08:51','2010-06-04 23:04:35'),(8,8,'unfriended','1976-04-08 06:21:33','1991-06-04 01:46:05'),(9,9,'declined','2017-08-06 07:17:00','1995-01-08 13:53:58'),(10,10,'approved','2020-06-19 00:18:33','1993-04-01 10:24:09'),(11,11,'requested','1975-09-02 15:07:42','1984-07-11 12:28:35'),(12,12,'approved','2002-09-13 02:05:29','2005-10-02 22:22:59'),(13,13,'approved','2010-01-12 14:11:00','2005-11-04 09:22:03'),(14,14,'approved','1987-02-21 22:21:02','2001-03-09 11:13:46'),(15,15,'unfriended','2016-04-24 04:49:44','1983-07-06 16:45:50'),(16,16,'declined','2019-07-12 12:15:11','2001-02-04 15:04:40'),(17,17,'approved','1992-05-05 04:38:51','1989-11-23 16:58:20'),(18,18,'unfriended','1973-01-28 18:11:19','1987-01-29 10:09:13'),(19,19,'approved','1979-03-19 13:46:50','1970-05-03 13:42:32'),(20,20,'approved','1996-02-01 23:00:25','2001-08-25 03:24:27'),(21,21,'declined','2008-01-24 08:52:12','2001-04-02 04:07:52'),(22,22,'requested','2010-04-09 18:00:21','1986-04-28 12:16:18'),(23,23,'requested','1982-03-05 07:28:54','2005-11-27 03:33:34'),(24,24,'approved','1977-06-25 10:20:35','1989-06-15 12:23:19'),(25,25,'requested','1974-03-01 20:39:01','2001-11-30 21:53:21'),(26,26,'declined','2000-09-20 21:30:48','1973-09-09 11:24:50'),(27,27,'unfriended','1987-12-03 10:05:19','1970-02-05 13:53:06'),(28,28,'approved','1993-04-14 16:08:39','1983-06-11 21:12:52'),(29,29,'requested','2000-06-18 17:37:07','1975-10-25 09:16:40'),(30,30,'declined','1975-01-04 02:39:03','2016-04-12 12:00:23'),(31,31,'requested','1998-09-29 16:30:22','1992-05-04 04:32:27'),(32,32,'approved','1982-02-27 16:06:40','2016-07-19 02:03:22'),(33,33,'declined','1973-05-13 20:21:02','1976-11-15 01:10:12'),(34,34,'declined','1982-06-12 21:29:25','1972-05-25 02:17:14'),(35,35,'requested','2000-03-31 17:45:25','1972-01-07 01:41:47'),(36,36,'unfriended','1977-07-28 02:49:10','1998-12-01 04:17:36'),(37,37,'unfriended','2013-09-23 00:55:57','1996-03-03 01:53:25'),(38,38,'requested','1978-08-20 21:48:38','2016-06-27 18:00:53'),(39,39,'approved','1970-08-15 02:15:07','1994-10-09 06:39:29'),(40,40,'unfriended','1987-09-26 01:33:21','1973-03-20 04:43:09'),(41,41,'approved','1977-07-04 14:47:02','2002-03-28 07:01:08'),(42,42,'approved','1978-03-07 03:15:15','2017-10-10 16:25:03'),(43,43,'approved','1987-03-08 15:11:07','1988-02-29 20:04:39'),(44,44,'requested','1989-03-17 02:24:43','1983-09-20 04:41:47'),(45,45,'unfriended','1989-12-16 07:19:17','2000-02-29 18:37:54'),(46,46,'declined','2000-09-10 21:25:22','2010-10-18 08:03:05'),(47,47,'unfriended','1998-10-06 08:49:55','2002-06-26 21:30:53'),(48,48,'unfriended','1977-02-03 05:08:46','2003-06-21 08:53:16'),(49,49,'declined','2013-10-08 04:56:23','1986-11-29 01:55:05'),(50,50,'approved','2003-06-08 16:36:58','2004-05-07 01:18:16'),(51,51,'unfriended','1994-05-09 01:36:08','2001-07-06 21:11:29'),(52,52,'requested','2014-01-22 12:43:28','2013-05-07 09:21:25'),(53,53,'unfriended','2013-08-01 07:18:58','1987-01-09 21:02:38'),(54,54,'requested','2009-05-26 13:15:08','2008-04-27 23:41:51'),(55,55,'requested','2015-02-24 04:21:37','2001-10-24 05:10:48'),(56,56,'requested','2001-04-21 02:42:40','1998-06-29 20:07:12'),(57,57,'approved','1992-03-03 07:29:39','2015-06-03 20:15:52'),(58,58,'requested','1976-11-11 20:17:25','2004-02-19 02:06:30'),(59,59,'declined','2014-12-20 21:14:23','1993-08-19 10:08:50'),(60,60,'approved','1996-01-12 05:56:25','1979-06-14 19:43:26'),(61,61,'requested','1990-10-21 17:40:36','1988-01-09 03:12:55'),(62,62,'unfriended','1979-06-19 00:26:44','1991-12-19 02:03:13'),(63,63,'unfriended','1986-07-25 05:36:17','2008-12-21 21:53:34'),(64,64,'requested','1997-08-24 16:02:26','2012-10-02 09:49:22'),(65,65,'requested','2003-11-30 13:02:54','1997-03-27 21:32:22'),(66,66,'approved','2014-03-09 08:23:34','2018-11-15 19:20:01'),(67,67,'approved','2010-10-09 17:29:49','2008-11-28 21:30:26'),(68,68,'unfriended','2014-10-30 16:15:20','1991-09-17 10:23:28'),(69,69,'requested','1995-08-11 18:32:51','2016-05-11 22:44:56'),(70,70,'declined','2013-11-12 08:37:48','1978-02-02 19:10:07'),(71,71,'requested','1974-03-18 07:03:39','2011-06-18 14:31:29'),(72,72,'declined','2014-02-25 04:58:22','1980-10-13 00:08:40'),(73,73,'unfriended','1992-07-14 06:45:55','1976-10-24 05:10:46'),(74,74,'unfriended','1995-04-06 13:44:08','1977-08-22 13:35:58'),(75,75,'approved','2008-12-06 00:27:30','1982-08-17 09:57:44'),(76,76,'unfriended','1975-04-03 19:11:19','2006-11-10 05:07:54'),(77,77,'unfriended','1970-01-02 16:37:24','1984-07-10 17:48:50'),(78,78,'declined','1992-08-14 13:55:28','2012-09-25 13:57:16'),(79,79,'unfriended','2014-06-29 06:48:38','1995-06-25 11:36:08'),(80,80,'unfriended','1993-01-08 12:21:07','1972-06-27 23:07:13'),(81,81,'approved','2012-07-19 11:15:34','1982-02-26 11:49:43'),(82,82,'approved','2019-10-07 13:55:38','1994-07-29 15:03:06'),(83,83,'requested','1991-11-05 19:29:05','2016-08-01 22:41:19'),(84,84,'requested','1976-04-01 17:09:55','2017-06-03 11:13:20'),(85,85,'approved','1975-10-29 17:58:21','1984-02-02 21:18:26'),(86,86,'approved','2003-08-07 08:53:53','1993-09-14 00:57:21'),(87,87,'declined','2015-05-04 06:12:41','1994-03-05 23:31:28'),(88,88,'approved','1985-10-17 18:17:37','1978-07-31 03:31:26'),(89,89,'declined','2003-01-02 04:28:06','1975-04-22 18:33:08'),(90,90,'requested','1990-04-10 10:03:11','2003-05-14 02:25:17'),(91,91,'declined','1986-01-30 15:15:02','1993-03-18 20:40:49'),(92,92,'declined','2019-04-29 08:37:09','2014-02-01 08:21:04'),(93,93,'unfriended','2002-10-15 11:32:36','2012-08-03 13:34:18'),(94,94,'approved','2013-05-27 10:37:32','1986-09-07 18:16:56'),(95,95,'approved','1973-05-20 00:45:03','1995-07-01 08:28:53'),(96,96,'unfriended','2019-04-21 18:17:42','1983-02-07 10:21:24'),(97,97,'approved','2004-04-29 23:08:08','2005-05-09 19:20:01'),(98,98,'unfriended','2012-02-23 04:55:39','2003-07-21 20:39:05'),(99,99,'unfriended','1974-07-09 18:16:42','1995-10-05 14:26:08'),(100,100,'unfriended','1987-04-17 06:13:47','2008-09-07 16:54:11');
/*!40000 ALTER TABLE `friend_requests` ENABLE KEYS */;
UNLOCK TABLES;

--
-- Table structure for table `likes`
--

DROP TABLE IF EXISTS `likes`;
/*!40101 SET @saved_cs_client     = @@character_set_client */;
/*!40101 SET character_set_client = utf8 */;
CREATE TABLE `likes` (
  `id` bigint(20) unsigned NOT NULL AUTO_INCREMENT,
  `user_id` bigint(20) unsigned NOT NULL,
  `media_id` bigint(20) unsigned NOT NULL,
  `created_at` datetime DEFAULT current_timestamp(),
  PRIMARY KEY (`id`),
  KEY `user_id` (`user_id`),
  KEY `media_id` (`media_id`),
  CONSTRAINT `likes_ibfk_1` FOREIGN KEY (`user_id`) REFERENCES `users` (`id`) ON DELETE CASCADE ON UPDATE CASCADE,
  CONSTRAINT `likes_ibfk_2` FOREIGN KEY (`media_id`) REFERENCES `media` (`id`) ON DELETE CASCADE ON UPDATE CASCADE
) ENGINE=InnoDB AUTO_INCREMENT=101 DEFAULT CHARSET=utf8mb4 COLLATE=utf8mb4_unicode_ci;
/*!40101 SET character_set_client = @saved_cs_client */;

--
-- Dumping data for table `likes`
--

LOCK TABLES `likes` WRITE;
/*!40000 ALTER TABLE `likes` DISABLE KEYS */;
INSERT INTO `likes` VALUES (1,1,1,'1986-06-27 11:57:55'),(2,2,2,'2009-01-26 14:02:07'),(3,3,3,'2020-02-04 23:41:06'),(4,4,4,'1993-12-05 21:31:59'),(5,5,5,'2017-01-19 09:13:58'),(6,6,6,'2008-11-04 20:05:48'),(7,7,7,'2018-07-14 06:20:18'),(8,8,8,'1998-01-06 12:43:22'),(9,9,9,'2015-06-11 07:54:19'),(10,10,10,'2002-06-04 21:55:48'),(11,11,11,'2009-02-05 05:38:55'),(12,12,12,'1976-10-07 02:28:53'),(13,13,13,'1984-01-25 20:24:12'),(14,14,14,'1987-11-23 00:28:40'),(15,15,15,'1997-06-07 10:34:11'),(16,16,16,'1984-02-10 10:33:32'),(17,17,17,'2012-03-15 17:08:37'),(18,18,18,'1973-11-08 06:52:08'),(19,19,19,'1991-03-23 23:54:24'),(20,20,20,'1983-09-10 05:55:39'),(21,21,21,'1989-07-11 09:18:11'),(22,22,22,'1979-12-27 22:10:54'),(23,23,23,'2005-12-09 11:01:29'),(24,24,24,'1996-06-04 01:13:40'),(25,25,25,'1977-08-20 01:38:02'),(26,26,26,'2002-11-04 18:24:05'),(27,27,27,'1972-09-01 07:59:44'),(28,28,28,'1995-08-25 18:39:49'),(29,29,29,'1999-10-28 19:49:51'),(30,30,30,'1999-05-08 15:42:29'),(31,31,31,'1995-12-06 22:54:19'),(32,32,32,'1990-10-13 07:13:31'),(33,33,33,'1985-12-15 21:44:06'),(34,34,34,'1998-04-29 04:44:55'),(35,35,35,'1974-04-18 13:22:16'),(36,36,36,'1984-09-08 22:22:59'),(37,37,37,'1978-11-08 22:08:52'),(38,38,38,'1993-01-07 12:18:44'),(39,39,39,'2002-05-09 20:09:05'),(40,40,40,'2012-06-08 17:01:59'),(41,41,41,'2002-04-11 11:10:28'),(42,42,42,'1980-06-07 03:27:27'),(43,43,43,'1989-06-15 10:15:41'),(44,44,44,'1992-06-03 12:54:12'),(45,45,45,'2001-01-13 04:44:50'),(46,46,46,'2020-04-16 00:00:04'),(47,47,47,'1974-08-12 16:00:44'),(48,48,48,'1989-04-05 09:08:01'),(49,49,49,'1988-11-28 15:03:45'),(50,50,50,'2020-09-14 03:44:12'),(51,51,51,'1986-07-06 10:58:22'),(52,52,52,'1971-07-31 11:02:53'),(53,53,53,'2007-02-03 17:28:42'),(54,54,54,'1987-09-27 17:21:52'),(55,55,55,'1978-06-17 17:24:23'),(56,56,56,'2005-08-05 15:41:07'),(57,57,57,'1983-05-13 06:50:39'),(58,58,58,'2002-04-18 13:33:36'),(59,59,59,'1994-06-27 04:49:16'),(60,60,60,'1989-07-31 21:43:10'),(61,61,61,'1972-05-14 12:39:34'),(62,62,62,'2004-10-17 03:56:33'),(63,63,63,'2010-02-01 15:21:31'),(64,64,64,'2012-10-23 01:25:17'),(65,65,65,'1980-03-03 12:41:00'),(66,66,66,'1999-05-29 20:50:02'),(67,67,67,'1978-10-14 11:27:51'),(68,68,68,'2000-03-12 00:28:14'),(69,69,69,'2006-07-15 16:24:42'),(70,70,70,'1979-08-26 01:51:03'),(71,71,71,'1995-08-02 22:31:29'),(72,72,72,'1970-02-21 03:46:36'),(73,73,73,'1986-04-10 07:41:10'),(74,74,74,'1993-07-05 11:56:52'),(75,75,75,'2008-02-04 18:37:41'),(76,76,76,'2019-06-13 22:54:58'),(77,77,77,'1975-06-22 03:22:10'),(78,78,78,'2013-06-30 02:22:06'),(79,79,79,'1997-01-21 11:35:41'),(80,80,80,'1985-10-15 15:33:16'),(81,81,81,'1985-05-30 02:25:38'),(82,82,82,'1972-04-07 16:28:44'),(83,83,83,'2009-07-10 13:12:22'),(84,84,84,'2020-06-25 21:37:02'),(85,85,85,'2011-09-01 05:48:39'),(86,86,86,'2016-09-26 04:04:56'),(87,87,87,'1989-08-07 08:49:17'),(88,88,88,'1979-02-23 10:36:32'),(89,89,89,'2010-02-27 07:29:43'),(90,90,90,'1979-08-20 06:16:36'),(91,91,91,'1979-05-22 13:27:10'),(92,92,92,'2009-06-05 23:41:52'),(93,93,93,'1976-03-15 00:39:33'),(94,94,94,'1982-01-06 05:54:59'),(95,95,95,'2009-10-20 00:07:15'),(96,96,96,'1982-08-24 02:39:21'),(97,97,97,'1999-04-04 22:37:02'),(98,98,98,'1992-04-03 05:49:44'),(99,99,99,'2008-03-08 02:13:42'),(100,100,100,'1972-10-31 08:00:51');
/*!40000 ALTER TABLE `likes` ENABLE KEYS */;
UNLOCK TABLES;

--
-- Table structure for table `media`
--

DROP TABLE IF EXISTS `media`;
/*!40101 SET @saved_cs_client     = @@character_set_client */;
/*!40101 SET character_set_client = utf8 */;
CREATE TABLE `media` (
  `id` bigint(20) unsigned NOT NULL AUTO_INCREMENT,
  `media_type_id` bigint(20) unsigned DEFAULT NULL,
  `user_id` bigint(20) unsigned NOT NULL,
  `body` text COLLATE utf8mb4_unicode_ci DEFAULT NULL,
  `filename` varchar(255) COLLATE utf8mb4_unicode_ci DEFAULT NULL,
  `size` int(11) DEFAULT NULL,
  `metadata` longtext CHARACTER SET utf8mb4 COLLATE utf8mb4_bin DEFAULT NULL CHECK (json_valid(`metadata`)),
  `created_at` datetime DEFAULT current_timestamp(),
  `updated_at` datetime DEFAULT current_timestamp() ON UPDATE current_timestamp(),
  PRIMARY KEY (`id`),
  KEY `user_id` (`user_id`),
  KEY `media_type_id` (`media_type_id`),
  CONSTRAINT `media_ibfk_1` FOREIGN KEY (`user_id`) REFERENCES `users` (`id`) ON DELETE CASCADE ON UPDATE CASCADE,
  CONSTRAINT `media_ibfk_2` FOREIGN KEY (`media_type_id`) REFERENCES `media_types` (`id`) ON DELETE SET NULL ON UPDATE CASCADE
) ENGINE=InnoDB AUTO_INCREMENT=101 DEFAULT CHARSET=utf8mb4 COLLATE=utf8mb4_unicode_ci;
/*!40101 SET character_set_client = @saved_cs_client */;

--
-- Dumping data for table `media`
--

LOCK TABLES `media` WRITE;
/*!40000 ALTER TABLE `media` DISABLE KEYS */;
INSERT INTO `media` VALUES (1,1,1,'Eos et vero excepturi qui reprehenderit. Accusantium voluptatibus voluptatem voluptatibus cum qui. Perspiciatis iste aut quas qui deserunt soluta eos.','voluptas',0,NULL,'1973-11-11 00:25:28','2016-02-16 15:56:49'),(2,2,2,'Ut animi ipsa dicta ut. Doloribus omnis velit qui minus eos. Delectus animi autem modi labore atque quaerat enim nobis.','est',30287334,NULL,'1973-11-14 16:01:50','1988-08-27 00:10:21'),(3,3,3,'Odio et debitis omnis facere. Modi ducimus ducimus eius ipsa sunt minus perspiciatis. Saepe iusto voluptatem sint soluta asperiores nemo.','ullam',0,NULL,'1979-03-30 17:53:57','1996-03-23 00:45:44'),(4,4,4,'Est nam sunt nobis non ipsum. Corporis tempore assumenda molestiae quae amet magni.','blanditiis',715,NULL,'1974-01-23 05:48:15','2010-12-26 09:43:46'),(5,5,5,'Quia dolor laborum placeat maxime. Voluptate omnis quae fugiat itaque. Rem in ea maiores et natus nemo aut.','enim',1263,NULL,'2019-10-23 14:02:09','2019-09-03 21:46:39'),(6,6,6,'Velit tenetur sequi sit alias reiciendis. Minus quidem laudantium et velit. Dicta ipsam doloremque tenetur in voluptatem.','nostrum',6598864,NULL,'2011-12-26 03:49:29','2012-12-16 22:44:28'),(7,7,7,'Voluptas doloremque vel qui hic ut aliquam libero. Laboriosam modi quas perferendis est. Aliquid eveniet enim explicabo qui quidem dolorem officiis. Veritatis sit eos nam quam omnis et.','quibusdam',48084377,NULL,'1984-10-28 22:50:40','1991-10-29 22:21:17'),(8,8,8,'Aliquam dolor quae dignissimos. Ut laboriosam et illo tempore ea rerum odio. Odio quia nisi optio in. Omnis eos fugiat nulla provident. Sit vitae qui cumque neque tempore.','consequatur',64037989,NULL,'1995-03-06 13:58:48','1982-03-09 07:33:13'),(9,9,9,'Itaque distinctio praesentium veniam qui assumenda asperiores. Sed nihil eius aspernatur iusto sit. Ipsam animi in nesciunt sit quia deserunt.','voluptatem',585995,NULL,'1981-06-04 10:54:13','2018-05-16 23:42:38'),(10,10,10,'Ut est repudiandae sequi deserunt et labore quaerat autem. In assumenda molestias nihil deserunt nisi ipsam praesentium. Fugit veniam omnis omnis omnis consectetur quam asperiores.','nihil',66,NULL,'2006-08-25 22:44:56','1982-09-15 02:47:46'),(11,11,11,'Quo iusto saepe consectetur provident rerum labore. Molestiae cumque fugiat voluptatem totam omnis. Nostrum et qui fugiat. Cum consequatur nulla rerum ipsa quae pariatur quasi.','voluptas',705631085,NULL,'2004-01-11 16:05:15','1996-03-15 06:16:51'),(12,12,12,'Nulla sit ipsum odio. Dolor sapiente deserunt soluta ducimus molestias consequatur accusantium. Odit eius omnis nesciunt enim.','quo',0,NULL,'1989-05-19 15:56:18','2011-02-26 04:08:04'),(13,13,13,'Delectus voluptatibus ipsum molestias. Dicta ea est delectus. Dignissimos ea et voluptatem.','error',943,NULL,'2013-07-27 16:33:50','2016-12-12 07:26:06'),(14,14,14,'Minus ut vel sequi corporis officia. Aliquam cumque aut aut aut aperiam beatae assumenda. Explicabo quia omnis fugiat error et corrupti ipsam. Est repellat nemo ad neque ullam cum numquam et.','enim',8,NULL,'2003-10-04 05:27:59','2014-06-15 15:51:48'),(15,15,15,'Odit deserunt perspiciatis et tempore aut. Rem possimus rem dolorum illo voluptas velit suscipit. Dolores quisquam et commodi aut eum eligendi earum.','impedit',604182589,NULL,'1976-09-20 04:51:11','1987-04-18 18:01:48'),(16,16,16,'Suscipit cumque non quisquam harum. Eos autem accusamus nisi omnis consequatur quisquam.','neque',8,NULL,'1981-10-13 01:39:09','1988-07-05 15:07:00'),(17,17,17,'Excepturi et aspernatur eum ex et id. Recusandae perferendis provident perspiciatis sunt omnis optio quae. Et aliquam non repellendus non numquam incidunt sit ratione.','non',3,NULL,'2018-10-22 06:56:36','2005-04-06 01:19:55'),(18,18,18,'Quia sint nihil et consequatur nihil. Soluta vitae qui eos harum vel. Iste enim ut neque.','non',73,NULL,'2021-01-19 07:40:09','1985-10-05 14:34:51'),(19,19,19,'Excepturi cumque sit asperiores numquam quam. Ea ipsum perferendis tenetur vitae nihil. Minus autem molestias cupiditate eum est ab.','et',503886773,NULL,'2020-10-01 03:51:40','1995-10-15 21:26:38'),(20,20,20,'Est iusto ut quos labore consequuntur ipsum aut quam. Dignissimos dolorum quis nesciunt quia optio. Consequatur excepturi earum minus.','dolor',67331926,NULL,'1995-09-20 06:39:33','1986-07-15 19:20:16'),(21,21,21,'Cupiditate molestiae unde omnis eum ut. Rerum nemo provident quia voluptatem sint ipsa tempora. Molestias inventore velit neque vel accusamus.','voluptatem',0,NULL,'1980-02-29 03:28:19','1976-11-27 18:50:17'),(22,22,22,'Tempora quis nobis enim distinctio sit possimus tempora cum. Repudiandae molestiae repellat quibusdam voluptatum. Asperiores maiores ipsum consequatur eius beatae et autem eum. Rem rerum laboriosam repellendus blanditiis eveniet quam.','officiis',0,NULL,'2006-03-13 06:51:15','1970-02-14 10:38:33'),(23,23,23,'Molestiae vel sed nostrum et numquam veritatis autem. Exercitationem quae nihil repellat magnam. Nostrum autem ad dicta in illum. Non impedit excepturi numquam dignissimos voluptatem quod labore animi.','quod',5661095,NULL,'1985-12-27 00:28:59','1996-07-30 11:37:56'),(24,24,24,'Et id laudantium quaerat dolores tenetur hic. Error officiis sint incidunt quo placeat ad. Enim et ut odit nobis voluptates dicta expedita.','et',8013,NULL,'1986-08-29 06:40:14','2011-06-06 09:10:15'),(25,25,25,'Repellat officiis sapiente repellendus ea excepturi numquam debitis. Accusantium beatae tempore et dolorem. Ab aut omnis aut et et. Quas iusto ut dignissimos architecto ipsum officiis.','dolore',66,NULL,'1970-09-17 14:34:55','1993-05-09 17:35:19'),(26,26,26,'Omnis asperiores occaecati asperiores. Omnis quidem amet dolores qui. Eos et minima ex delectus dolorum blanditiis. Quia vitae quos numquam minima accusantium.','et',525708592,NULL,'1988-01-07 17:04:29','1978-03-31 18:24:09'),(27,27,27,'Et hic optio nihil accusantium omnis aut magni. Sed atque voluptatem et impedit omnis qui ea dolor. In voluptas facilis quibusdam ea quis et iusto qui. Atque soluta voluptatem ratione qui enim quia et.','molestiae',0,NULL,'2006-11-09 19:44:08','1983-11-14 22:07:54'),(28,28,28,'Hic ipsam suscipit exercitationem ut facere velit. Non velit totam labore recusandae. Ut accusamus praesentium at. Numquam enim totam et illo enim laboriosam.','et',574,NULL,'1999-06-08 20:59:08','1979-05-19 12:06:28'),(29,29,29,'Quaerat sit ipsa qui voluptatum. Iure quo rerum qui corporis ratione quasi explicabo. Non in possimus ut quam culpa.','ipsa',8647,NULL,'1989-04-27 22:39:15','2002-05-02 11:39:32'),(30,30,30,'Aut laudantium nobis id deserunt incidunt. Inventore est et voluptatum earum inventore inventore harum. Beatae sunt minus beatae at asperiores.','quae',0,NULL,'1980-08-06 08:51:10','2004-07-06 12:46:05'),(31,31,31,'Aut provident qui eos quia ea distinctio in dolorum. Culpa repudiandae vel minima. Qui necessitatibus consectetur optio magni asperiores deleniti modi. Facilis necessitatibus autem nobis consectetur velit temporibus. Ut officiis quo et quisquam quaerat.','rerum',33,NULL,'1989-10-06 10:29:34','1974-02-14 01:40:53'),(32,32,32,'Vitae dolor esse occaecati quis. Consectetur ea inventore occaecati consequuntur id quaerat. Quos placeat et ipsa eveniet et facere. Et vel voluptatem amet iure.','quis',4,NULL,'2003-04-10 13:30:06','1992-12-12 10:11:56'),(33,33,33,'Quibusdam saepe incidunt assumenda autem voluptatum corporis cupiditate. Nisi molestiae quasi nihil laborum distinctio sequi. Eos officiis quia et vel deleniti ut totam. Et ea omnis occaecati provident repellendus. Perspiciatis excepturi sint aliquam.','rerum',58161299,NULL,'1992-07-12 02:10:32','2003-03-10 15:48:30'),(34,34,34,'Eveniet et et inventore vitae alias ut distinctio. Nobis nemo dolor praesentium aut quo soluta. Maiores ut minima officia reiciendis excepturi voluptates et laudantium. Excepturi maxime quia ducimus soluta.','voluptate',5,NULL,'2002-07-07 09:03:05','1979-12-15 22:00:51'),(35,35,35,'Qui accusantium pariatur ullam reprehenderit reiciendis. Quaerat eligendi ut exercitationem ea et et. Soluta reprehenderit nam rerum sed est quia nemo mollitia. Soluta qui ut impedit consequatur animi. Quas voluptatem accusamus vitae voluptatem facilis porro id.','et',3,NULL,'1996-03-04 00:43:23','2000-03-11 09:49:10'),(36,36,36,'Eius asperiores eos ullam aspernatur magni voluptas maxime deserunt. Laudantium quidem exercitationem et dolorem. Nesciunt velit consequatur ab tempore ipsa dolorum qui. Suscipit nulla aut assumenda saepe maiores dolore facere at.','non',8692,NULL,'1989-02-25 13:19:01','2016-04-06 05:32:31'),(37,37,37,'Perferendis repellat reprehenderit vel earum sed. Doloribus odit eos voluptates itaque. Dolorem accusantium ipsa unde ea tempore velit incidunt et. Libero veritatis neque dolores nisi perferendis placeat.','ut',2781,NULL,'1984-04-12 02:41:41','1990-02-25 13:38:34'),(38,38,38,'Eos ut mollitia recusandae aperiam. Labore quia sed perferendis. Est ut sed rerum tempora voluptatem. Perferendis quaerat tenetur vitae.','corrupti',9,NULL,'2007-06-07 12:33:57','1992-09-16 21:37:43'),(39,39,39,'Tempora inventore quis molestiae accusamus laborum nihil. Sit magnam quis error voluptatem consequatur nemo. Blanditiis voluptate qui consequatur. Aut quo ut itaque esse ducimus neque aut. Exercitationem sint sunt eaque vel voluptas.','et',1,NULL,'1972-08-28 19:28:34','1977-04-27 06:14:54'),(40,40,40,'Accusantium nam veniam fuga repudiandae vel. Perspiciatis est iusto esse quod deleniti aspernatur consectetur. Facere ducimus consectetur rem qui ea sed.','rem',36244,NULL,'1989-06-15 05:56:35','2016-01-18 10:24:50'),(41,41,41,'Minus laboriosam odit sed. Molestiae quae cum qui rerum. Pariatur aut cum fugiat eos aliquid. Molestiae ut nostrum sunt sint tenetur itaque.','quibusdam',5774,NULL,'2001-05-22 01:37:51','2004-01-17 16:05:52'),(42,42,42,'Ad ut quia non voluptatem magni exercitationem aliquam nostrum. Quaerat debitis aliquid esse perspiciatis. Voluptatem qui eos temporibus et aut iure.','voluptas',6337,NULL,'1988-07-15 18:43:00','1993-01-10 23:27:39'),(43,43,43,'Nihil dolorum eligendi qui fuga. Quas necessitatibus eum sapiente est. Sunt accusantium eius id recusandae. Expedita pariatur ut aut placeat laborum. Est doloribus rerum qui qui nam.','velit',479066928,NULL,'1986-07-02 18:37:21','2000-04-27 08:39:11'),(44,44,44,'Possimus provident non deserunt. Libero sit qui cum. Vero harum corporis aut. Ratione nihil dicta iure.','hic',8051169,NULL,'1982-12-30 16:35:36','2016-06-03 19:40:56'),(45,45,45,'Aut perferendis omnis sequi repellendus sed repellendus. Omnis temporibus quia ad voluptate aut placeat. Veniam consectetur fugiat ut et voluptatibus placeat omnis. Est aut eaque amet.','non',67,NULL,'2017-05-17 16:00:25','1970-04-24 23:59:37'),(46,46,46,'Excepturi impedit et est eligendi itaque possimus quia. Pariatur quis iste magnam dolorem. Nihil omnis quia animi non nemo quae. Magnam et nobis velit aut sit aut.','eos',63,NULL,'1998-08-08 03:23:45','2007-06-25 03:28:34'),(47,47,47,'Doloribus error tenetur eius qui. Voluptates pariatur cum impedit tempore in. Vitae cum omnis atque possimus enim sit reprehenderit. Architecto necessitatibus aut quo minus sit aspernatur ut voluptates.','molestias',239537,NULL,'2020-06-14 19:24:08','1974-03-23 09:22:01'),(48,48,48,'Omnis molestiae iure quasi soluta placeat temporibus quisquam est. Illo delectus earum velit iure nemo est sit. Eum voluptatem nemo pariatur nostrum. Dolore repellendus eos quod vitae enim.','illo',404217,NULL,'1996-10-28 09:29:00','2017-05-05 03:14:30'),(49,49,49,'Similique est nam sint fugiat omnis ipsam. Tempora at harum eaque ipsam. Sunt eius quod inventore repudiandae.','similique',530027,NULL,'1990-01-03 22:04:12','1987-04-21 23:27:01'),(50,50,50,'Qui dolorem blanditiis consequatur distinctio consequatur a id. Quis minima praesentium voluptas. Sint nostrum perspiciatis vel est et fuga quas. Qui aut quis nam doloremque omnis non dolor.','voluptatem',482232849,NULL,'1992-11-04 19:09:03','1987-05-30 05:57:56'),(51,51,51,'Cumque non consequatur nostrum recusandae ea sequi et ut. Est dolorem aut et enim dolor. Nisi voluptas cumque beatae laudantium ducimus esse sit. Velit in est dolores.','quibusdam',88835,NULL,'2017-06-04 12:35:31','1979-07-24 06:41:11'),(52,52,52,'Suscipit voluptatem tempora sunt aliquam quasi. Vero a iure iusto autem rerum nobis labore. Ut rem delectus neque vel qui. Molestias eius aut reiciendis molestiae suscipit ut.','ut',33,NULL,'2015-09-29 07:21:52','1991-01-05 00:09:26'),(53,53,53,'Voluptatem ab in et earum. Quaerat eum possimus minima minima quaerat temporibus. Voluptatem sed enim quia iusto atque voluptatem. Rem veritatis laborum aut repellat fuga exercitationem voluptatum. Ipsum et corrupti animi aut est et.','et',88,NULL,'2015-03-04 23:42:09','2019-11-10 03:40:00'),(54,54,54,'Eveniet consequatur repellat esse ut. Iste aut rerum ipsam nobis pariatur. Aut earum exercitationem at inventore voluptates. Quos neque qui velit. Consequatur voluptatum nobis ut aut officia non voluptas.','deleniti',94473159,NULL,'2011-04-28 01:28:44','2013-08-20 07:09:46'),(55,55,55,'Molestiae est quaerat voluptate cupiditate. Labore aut sint qui voluptas. Deleniti a amet quis deleniti cupiditate rerum. Ducimus exercitationem est quod reprehenderit ea est.','ab',344520,NULL,'2013-04-26 17:09:09','1996-01-14 12:12:27'),(56,56,56,'Alias quo et non voluptatem mollitia laborum nihil. Ut vitae dolor nemo illum alias. Doloribus in aliquam itaque fugit nihil.','aspernatur',7,NULL,'2010-04-05 20:52:18','2017-05-19 03:12:15'),(57,57,57,'Id esse deserunt eius voluptatum. Corrupti perferendis dolore ad ea.','molestiae',4,NULL,'1990-02-20 05:40:57','2019-09-18 18:18:45'),(58,58,58,'Eos corporis quas architecto ipsum quia. Ea sunt sequi quia consectetur. Modi expedita reiciendis et est. Perferendis laudantium et ex et ex dolorem cumque.','inventore',366,NULL,'1970-05-27 06:31:20','1977-01-05 13:52:57'),(59,59,59,'Odit est rerum deserunt quam commodi doloribus. Ut ad voluptas dolorem numquam ut commodi unde et. Debitis accusantium voluptatem esse error.','id',66,NULL,'1977-12-06 07:23:18','2011-06-06 03:38:46'),(60,60,60,'Est cumque soluta rem. Deleniti iste eius alias. Similique eligendi quia iste dolores hic modi.','illo',284737,NULL,'1984-08-12 15:18:02','1996-03-14 11:34:36'),(61,61,61,'Quae et corporis possimus similique neque error. Vitae aut sapiente alias voluptatem necessitatibus aspernatur. Quibusdam id non aut itaque. Perferendis ea qui sunt perspiciatis.','suscipit',618407,NULL,'1996-09-11 22:54:45','1970-10-18 07:33:30'),(62,62,62,'Rerum dicta ipsum et rem tempore nisi repellendus. Est magnam cumque cum eos. Sit aut blanditiis voluptate a. Dolorum voluptatem voluptates deleniti adipisci.','nesciunt',18,NULL,'2011-08-20 11:17:32','2017-04-16 10:31:23'),(63,63,63,'Voluptatem commodi porro deserunt veritatis ducimus voluptates nam fugiat. Et doloribus amet commodi iure eligendi perspiciatis. Autem omnis rerum eius voluptatem dolore quis.','voluptate',27731,NULL,'1995-01-04 07:32:16','1995-11-24 13:26:39'),(64,64,64,'Error voluptatem quam voluptas laborum est deserunt corrupti. Voluptates enim nobis ipsam harum qui praesentium suscipit. Eos natus beatae assumenda quis.','nisi',242018977,NULL,'1993-01-15 03:25:41','2020-08-19 07:09:46'),(65,65,65,'Animi aut et veniam impedit ducimus. Est et voluptatem quibusdam adipisci unde atque amet. Ut qui commodi veritatis corrupti est.','distinctio',269859566,NULL,'1981-10-23 22:16:06','2014-02-23 04:08:42'),(66,66,66,'Cupiditate porro reiciendis officiis occaecati. Illum illum voluptas accusantium molestiae quia tempora similique. Provident nostrum veritatis dignissimos a aut. Quaerat facere excepturi aut quo ea.','repellendus',916966191,NULL,'2018-10-19 21:45:27','1987-02-02 22:01:39'),(67,67,67,'Totam qui dolorem corrupti expedita deserunt. Doloribus voluptas cupiditate enim pariatur saepe. Ut quidem quam consequuntur veritatis quidem doloremque. Mollitia ut earum eveniet autem.','rerum',0,NULL,'1986-09-29 10:02:16','2011-04-22 06:07:08'),(68,68,68,'Vitae aliquam ex sequi commodi vel laborum adipisci. Fugiat nihil temporibus praesentium omnis quia. Et voluptas reprehenderit eum enim numquam cumque qui. Ullam quo voluptates eveniet expedita inventore.','amet',72,NULL,'1970-07-07 04:37:43','1977-11-19 14:27:38'),(69,69,69,'Officiis incidunt amet minus non qui at. Ad et architecto fuga optio atque quas. Ut ea a ut est voluptatem non perferendis. Ipsa est impedit voluptate tempore ea est deserunt.','maiores',67,NULL,'1992-09-09 03:22:35','1977-05-24 06:17:31'),(70,70,70,'Quibusdam vero et dolor. Neque aut placeat rem necessitatibus eligendi. Cupiditate quia qui consequuntur tenetur. Incidunt quis non et praesentium iste consectetur provident. Quaerat at earum et tempore.','enim',50,NULL,'1994-07-04 18:49:28','1981-02-20 23:40:42'),(71,71,71,'Est quo laboriosam aliquid reprehenderit vero illo. Corrupti rerum vitae dolorem qui error et et. Sapiente nobis quia laborum dolor quia aut distinctio. Mollitia consequatur autem autem est amet dolorum. Officiis temporibus fugit sint corporis consequatur dolor ut.','nobis',916890237,NULL,'1979-04-18 22:54:57','2013-08-01 11:45:35'),(72,72,72,'Quisquam sapiente deleniti non et quia qui. Quidem laborum mollitia aut assumenda a. Numquam minus nihil et modi rem.','tenetur',2547,NULL,'1997-08-24 00:03:58','2010-07-14 16:50:44'),(73,73,73,'Qui et illum provident perferendis quae. Quas eum nemo sunt iure ut. Nulla maiores et sint sed amet voluptatem. Eos est tempora delectus expedita nobis quia eos.','corporis',83040,NULL,'1984-05-12 19:13:59','2006-07-10 15:32:45'),(74,74,74,'Ducimus est culpa harum ea ullam est optio. Omnis quidem dolorem quis officia ea expedita. Optio accusantium aut accusantium consequatur enim eum quasi.','labore',0,NULL,'2001-02-11 16:40:54','2000-01-28 16:10:30'),(75,75,75,'Similique illum quod molestiae sapiente nihil inventore. Nobis omnis eaque autem ipsam. Vero sint corporis voluptas architecto. Quis necessitatibus illo ipsam enim et qui qui.','quam',3426,NULL,'1989-06-05 10:15:10','2011-05-24 16:58:37'),(76,76,76,'Consequatur quia et est tenetur delectus ut aut. Repudiandae aut error et libero. Iusto quibusdam eos qui vel. Repudiandae earum excepturi vero et est rerum labore. Temporibus ut nemo voluptas similique.','eaque',571402991,NULL,'2010-03-12 22:45:48','1991-03-05 15:59:33'),(77,77,77,'Veniam esse architecto vel iusto et et. Et autem qui quasi iure id sint et aut.','velit',77,NULL,'1995-10-03 06:04:01','2001-11-11 00:16:58'),(78,78,78,'Modi odio minima nesciunt veniam perspiciatis. Beatae aut saepe sunt ex et fugiat. Magni nemo magnam ullam culpa et voluptas. Sit delectus repellendus veniam.','libero',8768126,NULL,'1971-07-11 23:22:45','2001-10-29 16:44:51'),(79,79,79,'Aut nesciunt quasi officiis sequi porro. Nihil rerum ut excepturi culpa autem consequuntur. Ut soluta et sunt illum possimus beatae.','quisquam',434729374,NULL,'1974-01-15 14:21:30','1976-01-15 03:11:23'),(80,80,80,'Minima numquam suscipit eum maxime velit et. Repellendus dignissimos assumenda ut accusamus ut sit labore. Vitae qui perferendis veritatis enim ea totam dolores. Nemo expedita velit autem ullam veniam tempora.','fugiat',63,NULL,'2016-03-05 14:52:38','2002-11-19 11:58:46'),(81,81,81,'Aut quidem magni sed culpa velit ut qui. Quis dolorem vero commodi est. Optio ut autem porro eos accusantium est. Maiores sit dolorem vel laboriosam ducimus.','quas',0,NULL,'1983-06-14 14:54:45','1998-05-12 14:55:35'),(82,82,82,'Ipsam omnis itaque explicabo. Atque quia facilis distinctio eum rem est. Perspiciatis recusandae atque rerum doloribus. Voluptas odit et exercitationem ducimus.','maxime',6424312,NULL,'2017-01-17 06:35:02','2012-01-08 20:54:15'),(83,83,83,'Molestiae blanditiis veniam similique est. Odit rerum ex esse totam nulla incidunt. Perspiciatis voluptates molestiae non id libero aut. Id autem corrupti exercitationem eos non voluptatem fuga aut.','repellendus',14,NULL,'1995-09-06 20:10:13','1974-01-22 01:23:58'),(84,84,84,'Incidunt rerum repellendus id a non quisquam aut cupiditate. Voluptatibus incidunt quia non quae veniam blanditiis. Saepe delectus consequatur deserunt ad.','nam',62,NULL,'2005-11-25 19:55:39','1980-08-12 04:24:48'),(85,85,85,'Blanditiis quia est voluptatem nemo. Asperiores blanditiis ex illo odit distinctio. Quis voluptatum dolore cum quis distinctio est.','id',1,NULL,'1997-04-23 21:52:21','1996-05-21 03:35:30'),(86,86,86,'Placeat quis consectetur sit ex sint molestiae vel sunt. Ipsam in quo voluptas asperiores esse ut quia. Consequatur alias ad laborum tempore voluptas repudiandae facere. Dolorem laboriosam magni cum neque rerum quidem dolorem recusandae.','quod',702952522,NULL,'1985-07-26 19:26:37','1985-10-10 06:48:11'),(87,87,87,'Est facilis porro sed excepturi ut consequatur distinctio. At nihil consequatur officiis consectetur perspiciatis voluptatum velit perferendis. Dignissimos est corporis id eius reprehenderit. Eaque odio debitis culpa nihil possimus maiores iure.','et',643,NULL,'2014-06-15 17:00:47','1992-08-08 19:07:43'),(88,88,88,'Consequatur ut debitis quia ad sed. Accusantium minima officia sunt iste. Ut expedita modi sed.','totam',18320,NULL,'1996-05-18 20:03:14','1976-07-29 16:48:37'),(89,89,89,'Odit dolorem molestiae autem quibusdam deleniti repellendus consequatur neque. Tenetur quidem sed quaerat non. Soluta mollitia fuga omnis quibusdam ut cumque omnis reiciendis. Culpa quis sed ex et aut quo.','fuga',36157,NULL,'1972-06-02 03:19:33','1976-07-02 01:03:16'),(90,90,90,'Nulla non dolores in vitae nemo molestias veritatis qui. Aut est quis a rerum id. Aut quisquam alias sed corporis consequatur maiores.','eos',30245,NULL,'2005-08-14 09:34:36','1978-03-29 17:55:47'),(91,91,91,'Omnis esse tempora modi ea sunt quidem voluptas vel. Nemo rerum non ut est dolorem. Distinctio neque unde reiciendis quibusdam error.','distinctio',400427,NULL,'1999-03-12 08:27:24','1987-10-16 19:32:21'),(92,92,92,'Eius nobis cum provident et fugiat. Aut enim non ut laboriosam.','distinctio',56,NULL,'2008-05-06 05:14:26','2003-06-09 15:09:40'),(93,93,93,'Provident recusandae voluptatem voluptatibus et pariatur facilis nam. Odio minima cupiditate sint voluptatem facilis. Quisquam sit id inventore aliquid deserunt voluptas sapiente. Velit aut quam voluptatem saepe odit vitae.','omnis',29,NULL,'2012-02-18 18:31:09','1981-07-02 08:52:07'),(94,94,94,'Recusandae dolorum ea aut omnis. Cum consequuntur suscipit molestiae occaecati ipsam necessitatibus alias eos. Vero aut quia explicabo dignissimos facere sit alias. Quo est ipsum eum id molestias explicabo.','recusandae',2288465,NULL,'1980-11-23 18:34:32','1975-12-14 14:33:36'),(95,95,95,'Voluptatum voluptatem consequuntur libero dolorum animi. Voluptatum quod sed rerum sint at in omnis et.','alias',0,NULL,'1982-08-20 23:31:58','2001-01-13 18:26:41'),(96,96,96,'Quasi pariatur est quia. Deleniti ea facilis odit porro eum. Magni eos voluptatem nisi autem corrupti veritatis rerum.','adipisci',68276834,NULL,'1974-12-17 06:15:43','1986-10-19 16:06:19'),(97,97,97,'Harum magnam rerum doloremque eum. Et fugit alias voluptas omnis hic nobis aut. Laborum architecto molestiae reprehenderit.','ut',72783085,NULL,'2019-07-19 18:42:50','1999-03-22 04:55:50'),(98,98,98,'A pariatur nihil quas cupiditate. Asperiores commodi necessitatibus alias. Quo sed error inventore cumque iure tempore repellendus. Accusamus ad commodi excepturi nostrum rerum eos recusandae.','illum',0,NULL,'1996-08-10 11:28:04','1999-10-08 00:57:01'),(99,99,99,'Ut dicta placeat sed alias. In eos nihil recusandae voluptas. Dolorem beatae nobis qui voluptatibus. Ut nesciunt expedita eos dolor.','in',8,NULL,'1988-10-26 16:15:47','1992-06-02 16:08:36'),(100,100,100,'Dolore suscipit dolorum dolor. Commodi qui eos voluptates facilis illum exercitationem fugit. Qui aspernatur ratione modi sunt. Ipsa aut et at commodi cumque necessitatibus illum.','non',467114955,NULL,'2001-02-13 06:18:32','1971-06-10 15:23:08');
/*!40000 ALTER TABLE `media` ENABLE KEYS */;
UNLOCK TABLES;

--
-- Table structure for table `media_types`
--

DROP TABLE IF EXISTS `media_types`;
/*!40101 SET @saved_cs_client     = @@character_set_client */;
/*!40101 SET character_set_client = utf8 */;
CREATE TABLE `media_types` (
  `id` bigint(20) unsigned NOT NULL AUTO_INCREMENT,
  `name` varchar(255) COLLATE utf8mb4_unicode_ci DEFAULT NULL,
  `created_at` datetime DEFAULT current_timestamp(),
  `updated_at` datetime DEFAULT current_timestamp() ON UPDATE current_timestamp(),
  PRIMARY KEY (`id`)
) ENGINE=InnoDB AUTO_INCREMENT=101 DEFAULT CHARSET=utf8mb4 COLLATE=utf8mb4_unicode_ci;
/*!40101 SET character_set_client = @saved_cs_client */;

--
-- Dumping data for table `media_types`
--

LOCK TABLES `media_types` WRITE;
/*!40000 ALTER TABLE `media_types` DISABLE KEYS */;
INSERT INTO `media_types` VALUES (1,'illo','2003-01-26 08:25:00','1985-12-09 15:17:03'),(2,'sed','1987-12-05 18:42:03','1990-08-28 13:26:00'),(3,'sit','1978-06-04 18:20:41','1990-03-08 11:38:02'),(4,'odio','2015-12-17 16:02:19','1986-02-06 12:58:29'),(5,'tenetur','1975-06-20 16:24:27','1983-03-31 01:33:37'),(6,'accusantium','2013-11-04 06:37:18','1984-08-23 03:49:00'),(7,'voluptatem','1997-12-20 11:32:00','2010-01-13 18:55:57'),(8,'id','1982-02-24 11:04:35','1977-01-23 13:18:00'),(9,'dolor','1998-09-10 06:25:59','1982-11-25 13:26:33'),(10,'laudantium','1985-06-14 12:55:59','2016-09-08 08:32:15'),(11,'id','1995-08-19 21:05:46','1996-10-19 02:21:38'),(12,'perspiciatis','2009-06-08 16:46:28','2009-08-02 11:23:12'),(13,'aspernatur','1985-01-31 02:39:22','1975-07-23 11:34:10'),(14,'quod','2019-01-28 00:50:21','2009-10-18 02:15:58'),(15,'corporis','2002-12-24 04:42:19','1983-03-21 09:29:58'),(16,'ipsam','1998-03-02 19:19:58','1979-02-26 04:58:02'),(17,'expedita','1990-03-25 05:09:36','1972-12-09 06:58:38'),(18,'non','1996-02-25 07:39:47','1982-09-16 00:56:20'),(19,'eos','1981-10-08 14:05:08','1999-11-07 17:36:23'),(20,'vitae','1971-09-13 09:03:40','2005-07-25 20:48:34'),(21,'illum','1992-10-01 06:38:56','1992-07-20 16:50:58'),(22,'quasi','2001-02-24 14:09:48','1993-09-29 07:21:17'),(23,'quibusdam','2016-07-31 08:51:51','1973-01-02 20:57:10'),(24,'quo','2001-06-28 23:46:52','1993-11-08 07:26:18'),(25,'placeat','1974-12-03 11:05:23','1989-06-23 14:13:20'),(26,'dignissimos','1982-11-14 17:00:08','1972-03-28 18:27:15'),(27,'cumque','2016-03-14 15:02:34','1971-07-24 11:18:53'),(28,'quasi','1985-07-12 02:00:07','2010-01-09 11:00:46'),(29,'tempore','1978-07-31 05:13:28','1997-07-31 12:35:21'),(30,'eveniet','2008-05-03 22:09:32','1989-08-11 09:14:37'),(31,'maiores','2001-06-16 18:03:45','1975-01-23 17:52:58'),(32,'amet','1991-11-18 04:29:34','1978-01-08 05:42:40'),(33,'ducimus','2018-11-22 12:31:13','1986-07-08 16:28:26'),(34,'amet','2020-01-18 20:30:33','1977-02-03 14:24:50'),(35,'facere','1981-04-30 23:57:42','1980-08-26 03:57:33'),(36,'laboriosam','1980-11-28 18:09:55','1991-05-10 19:22:47'),(37,'impedit','1981-03-25 05:46:07','1998-11-26 03:38:09'),(38,'dolor','2013-01-30 10:34:22','1988-03-23 23:29:51'),(39,'corrupti','2018-05-15 08:13:00','1990-12-19 15:21:56'),(40,'natus','2000-07-26 15:02:37','1981-07-14 20:05:55'),(41,'sunt','2010-08-05 15:39:25','1985-08-21 18:53:50'),(42,'quam','2008-01-04 16:48:36','1973-10-02 11:23:01'),(43,'rerum','2013-02-17 12:17:32','1990-05-22 06:14:52'),(44,'error','2018-08-09 07:26:46','1996-11-21 00:06:47'),(45,'corrupti','2019-02-27 20:26:17','1975-03-27 00:07:15'),(46,'voluptatum','1980-05-01 04:30:58','1981-10-12 00:05:14'),(47,'rem','2011-10-15 02:06:39','1988-04-28 11:31:55'),(48,'sint','1995-10-03 04:42:33','1973-07-10 05:16:01'),(49,'incidunt','2017-11-09 02:35:57','2001-04-23 13:18:32'),(50,'architecto','2003-09-14 08:54:01','1973-09-17 18:42:58'),(51,'ad','2013-02-28 02:15:38','2001-09-01 14:30:12'),(52,'minus','2017-07-30 12:35:45','2017-03-05 16:28:36'),(53,'libero','2013-03-19 13:17:13','1988-01-31 11:58:18'),(54,'quae','1981-03-18 16:28:29','2010-02-23 09:00:07'),(55,'sapiente','2019-11-08 11:59:20','1976-10-03 11:06:04'),(56,'tenetur','2020-08-26 21:45:33','1973-06-10 09:10:23'),(57,'omnis','2018-12-29 19:39:59','1988-11-22 08:19:56'),(58,'excepturi','2002-01-01 05:40:01','1997-08-30 22:07:44'),(59,'veritatis','1991-02-07 01:54:50','2013-04-24 15:05:05'),(60,'distinctio','1985-01-22 09:18:25','2011-12-09 05:57:06'),(61,'facere','1973-12-08 23:19:30','1980-05-29 02:21:00'),(62,'rerum','1992-02-20 17:58:55','1991-04-29 18:44:42'),(63,'ab','1974-02-26 03:04:08','1973-02-10 16:29:54'),(64,'occaecati','1988-05-09 21:31:57','2010-02-07 16:46:01'),(65,'est','1979-02-15 16:18:31','2016-01-31 15:52:38'),(66,'eum','2006-11-10 19:57:24','1973-07-14 22:19:00'),(67,'asperiores','1992-11-02 18:35:05','1994-02-15 19:37:47'),(68,'omnis','2014-09-06 17:30:05','1971-05-25 14:07:10'),(69,'dolor','1978-03-21 13:27:39','1999-04-12 23:36:59'),(70,'sunt','2005-01-08 02:09:57','1982-10-19 02:09:55'),(71,'soluta','1993-10-30 17:18:14','1999-08-17 03:17:16'),(72,'tempora','1992-03-30 15:28:32','1987-03-24 02:57:00'),(73,'quis','2003-07-04 19:59:54','1996-09-02 00:00:07'),(74,'aliquid','2008-06-21 16:47:46','1980-12-12 10:15:17'),(75,'nostrum','1983-05-04 14:09:48','2001-05-09 21:06:54'),(76,'libero','1983-10-07 05:11:37','2011-04-10 04:54:04'),(77,'est','2017-12-05 23:29:11','2015-03-05 22:22:17'),(78,'vero','1989-11-01 23:39:11','1987-08-12 03:42:02'),(79,'tempore','1998-01-27 16:20:18','2005-11-07 15:01:40'),(80,'ut','1995-03-08 19:34:15','1975-12-06 23:49:15'),(81,'voluptatem','1990-05-24 20:46:00','1978-03-13 14:43:24'),(82,'ratione','2004-08-17 23:34:17','2020-09-26 09:34:30'),(83,'reiciendis','1977-03-01 13:05:39','1970-02-12 15:23:59'),(84,'dolore','1989-10-30 11:17:58','1986-10-01 23:42:23'),(85,'sapiente','2015-02-24 08:45:17','1971-10-12 06:53:15'),(86,'in','1990-04-30 11:00:09','1987-08-25 17:48:28'),(87,'recusandae','2019-01-05 05:05:04','1974-05-29 12:08:24'),(88,'nihil','1979-06-25 00:04:48','2015-05-28 08:12:27'),(89,'id','1999-01-30 19:46:03','1998-08-11 19:06:13'),(90,'eius','1974-05-27 19:24:42','1978-11-02 07:37:01'),(91,'voluptatem','1993-11-25 07:50:15','1984-01-30 00:26:59'),(92,'sed','1983-12-30 16:05:02','1978-02-20 08:18:14'),(93,'aperiam','1982-06-22 02:08:49','1976-10-10 21:44:24'),(94,'possimus','1997-07-30 20:07:31','2006-08-24 18:57:14'),(95,'aut','1986-11-16 18:30:37','1973-08-11 21:08:18'),(96,'quod','1987-12-14 10:31:25','1998-07-17 06:55:46'),(97,'illum','2002-12-05 03:29:09','2018-06-08 07:39:54'),(98,'voluptatibus','2012-04-20 19:58:53','1971-09-02 17:33:51'),(99,'eligendi','1982-01-06 16:12:07','2001-04-20 04:13:55'),(100,'sit','1978-03-23 03:20:37','1995-07-17 22:48:02');
/*!40000 ALTER TABLE `media_types` ENABLE KEYS */;
UNLOCK TABLES;

--
-- Table structure for table `messages`
--

DROP TABLE IF EXISTS `messages`;
/*!40101 SET @saved_cs_client     = @@character_set_client */;
/*!40101 SET character_set_client = utf8 */;
CREATE TABLE `messages` (
  `id` bigint(20) unsigned NOT NULL AUTO_INCREMENT,
  `from_user_id` bigint(20) unsigned NOT NULL,
  `to_user_id` bigint(20) unsigned NOT NULL,
  `body` text COLLATE utf8mb4_unicode_ci DEFAULT NULL,
  `created_at` datetime DEFAULT current_timestamp(),
  PRIMARY KEY (`id`),
  KEY `from_user_id` (`from_user_id`),
  KEY `to_user_id` (`to_user_id`),
  CONSTRAINT `messages_ibfk_1` FOREIGN KEY (`from_user_id`) REFERENCES `users` (`id`) ON DELETE CASCADE ON UPDATE CASCADE,
  CONSTRAINT `messages_ibfk_2` FOREIGN KEY (`to_user_id`) REFERENCES `users` (`id`) ON DELETE CASCADE ON UPDATE CASCADE
) ENGINE=InnoDB AUTO_INCREMENT=101 DEFAULT CHARSET=utf8mb4 COLLATE=utf8mb4_unicode_ci;
/*!40101 SET character_set_client = @saved_cs_client */;

--
-- Dumping data for table `messages`
--

LOCK TABLES `messages` WRITE;
/*!40000 ALTER TABLE `messages` DISABLE KEYS */;
INSERT INTO `messages` VALUES (1,1,1,'Nesciunt voluptate ab et consequatur. Totam beatae et mollitia rem rerum voluptas. Autem suscipit aut et et similique sit est. Corrupti et est veniam ab.','2018-11-18 21:15:26'),(2,2,2,'Eveniet magni ex quis laudantium molestiae veritatis. Aperiam minima deleniti repellat earum voluptates sed est. Qui temporibus fugit quos. Mollitia sunt expedita et fugit eos consequuntur quia accusamus.','2004-01-19 23:56:56'),(3,3,3,'Doloribus facilis voluptatem nihil ab facere repellat quia. Quia in aliquam voluptas fugit eos soluta molestias omnis. Et sit et consequatur modi.','1988-01-11 10:25:18'),(4,4,4,'Quia quo voluptas ab ut. Doloremque sunt ducimus alias nam.','1983-06-01 23:09:03'),(5,5,5,'Dignissimos dolorem placeat possimus velit et. Et quia dolor nostrum atque. Ut sed possimus adipisci qui aut.','1975-09-07 13:12:27'),(6,6,6,'Necessitatibus qui dolorem possimus exercitationem. Reiciendis quo dolorem nulla totam quo possimus magnam dolorem. Aperiam minima quaerat esse minus velit nemo id. Eius eaque voluptatum reprehenderit fugit deserunt libero asperiores. Aliquid quam autem harum officia ut qui.','2003-04-24 08:12:37'),(7,7,7,'Molestiae officia qui et sunt earum. Deserunt molestias voluptatem magnam qui delectus magnam eveniet. Possimus consequatur labore inventore dolores. Et non ducimus fuga ratione explicabo rerum aut. Doloribus velit et et et commodi est debitis.','2017-03-10 23:06:32'),(8,8,8,'Accusantium et eum dolores beatae et fugit. Optio laudantium ipsam consequatur aut non tempore ullam et. Ipsum sunt magnam amet et occaecati quis aut.','1987-08-25 15:58:13'),(9,9,9,'Aut odit voluptatum at suscipit. Vitae corporis impedit asperiores saepe ea incidunt dolor. Tempora dolorum quod delectus.','1986-01-26 03:47:55'),(10,10,10,'Ea provident velit porro commodi esse. Minus dolorem voluptates rerum eum necessitatibus. Voluptatem numquam explicabo dolores ab corrupti repellendus. Perspiciatis sequi sint ut et quae.','1991-07-08 02:03:53'),(11,11,11,'Neque qui debitis ut. Voluptas veniam ad id commodi placeat nihil quo. Ratione voluptatem ex fuga quia nihil. In quas laudantium ut.','1972-11-17 11:26:29'),(12,12,12,'Id libero voluptatem magni earum ratione. Ducimus tempore sit commodi quibusdam qui. Fuga maxime provident at qui velit neque non. Ducimus optio iure voluptatem non modi sit aut.','1974-06-08 19:14:59'),(13,13,13,'Dolorum ut atque occaecati sint. Necessitatibus impedit quia eum qui. Voluptatem sequi fugit quo et eos alias tempore. Est eaque aut qui dicta.','1978-11-25 17:32:37'),(14,14,14,'Aliquid aperiam et quo. Sed accusamus magni id in beatae. Fuga rerum praesentium sint corporis enim ea est culpa.','1984-01-07 02:53:46'),(15,15,15,'Totam repudiandae soluta ut velit ut a culpa. Libero in et magni pariatur. Ratione quia inventore beatae id et. Pariatur sit iste nihil nesciunt est nulla nobis.','2017-07-08 00:20:58'),(16,16,16,'Ratione corrupti dicta a sed. Aliquid voluptatibus et non et veritatis maiores. Quis omnis natus quidem aut aliquam ea. Reiciendis et autem nam officia sed dicta velit.','1987-05-26 14:18:35'),(17,17,17,'Recusandae distinctio possimus culpa porro et commodi eos quis. Consequuntur consequatur excepturi voluptas commodi eos. Dolorem distinctio vel laboriosam rerum. Dolores incidunt voluptate ad optio.','2006-06-10 11:58:37'),(18,18,18,'Adipisci quia provident dolorum ut exercitationem quis. Inventore praesentium fugit qui dicta et sunt. Natus dolorem labore tempora autem et laboriosam.','1979-09-12 02:41:52'),(19,19,19,'Et est ipsam doloribus exercitationem et odio. Maiores quam voluptas magni quia nemo. Ut necessitatibus et voluptas est. Qui eum rerum doloribus vel laborum commodi.','1986-08-02 17:52:05'),(20,20,20,'Quia ratione qui porro et aspernatur velit. Fugiat est ex odio ut et. Laboriosam ea qui omnis voluptas. In adipisci nihil mollitia eveniet sit ut. Non et voluptas aliquam assumenda facilis quam voluptas.','2019-05-20 09:54:32'),(21,21,21,'Inventore rem id explicabo in perspiciatis. Praesentium maxime assumenda qui quia et eveniet voluptatem impedit. Possimus sit animi magni at velit facilis quasi. Rerum sequi hic non dolores dicta.','2011-05-31 17:06:33'),(22,22,22,'Ad omnis dolor deserunt est quos. Nihil ut delectus aspernatur voluptas aut aliquam qui. Voluptas quae enim ad id cumque possimus. Ipsum dolores dicta est molestiae commodi illo sit enim.','2009-02-27 22:52:25'),(23,23,23,'Ut corrupti qui voluptas dignissimos facilis cum. Vitae asperiores libero ea vero rerum in expedita inventore. Voluptatum nisi consequatur eveniet aliquid vitae rerum ducimus.','2014-09-14 22:15:17'),(24,24,24,'Quod reprehenderit commodi atque omnis vel. Suscipit ut possimus ut nemo. Sint saepe ipsa aut quia.','1993-06-13 17:58:53'),(25,25,25,'Cum aut sit sit accusamus itaque temporibus. Possimus quisquam magni soluta consequatur dolorem corrupti. Sapiente architecto pariatur cum hic eos nihil.','2004-09-04 04:17:43'),(26,26,26,'Mollitia ut qui aut praesentium omnis rerum aut. Quasi quisquam eveniet facilis omnis earum. Quis voluptas nobis culpa maiores. Minima temporibus tempore vel adipisci laboriosam tempora.','1991-02-02 03:51:29'),(27,27,27,'Iure dolorem iusto error qui voluptates qui autem. Enim soluta praesentium vitae. A possimus aliquid aspernatur. Eligendi nihil assumenda nostrum nulla eligendi nostrum.','1981-03-29 23:50:49'),(28,28,28,'Eum atque quia soluta voluptas. Non repudiandae et hic non facere provident in. Voluptatem iste aperiam iusto dolorem earum asperiores.','2015-10-10 07:55:10'),(29,29,29,'Rerum quos velit nisi facilis aut voluptas hic. Illum eos qui laudantium non perferendis eveniet. Dicta omnis necessitatibus qui mollitia quod nobis. Dolores et blanditiis labore dolore occaecati.','2005-10-02 23:55:51'),(30,30,30,'Voluptatem cumque et quo qui consectetur molestias optio voluptas. Numquam voluptate quo at natus quasi. Dolor non qui nihil sed distinctio.','1997-05-10 00:50:09'),(31,31,31,'Totam quasi pariatur ut incidunt dolores. Ratione aperiam id beatae aut maxime placeat. Tenetur culpa odit est et ut velit quam. Ab error at blanditiis aspernatur voluptatem quia tempora quos.','1989-01-27 14:00:24'),(32,32,32,'Iusto quis ea neque. Exercitationem voluptate voluptatum dolores deserunt consequatur. Est id facere enim nihil. Facere quod quas qui non optio.','1986-09-14 00:06:53'),(33,33,33,'Expedita in rerum facilis tempora enim nulla cupiditate. Qui incidunt dolor ut. Sint facilis aut nesciunt quidem quam.','1979-04-16 13:44:32'),(34,34,34,'Ut reiciendis ipsum provident voluptatem repellendus esse dolores dolorem. Enim non ut et repellat. Saepe reprehenderit quis reiciendis sit.','1994-01-19 04:15:47'),(35,35,35,'Ducimus sunt error quisquam facere aut excepturi dolorem quos. Aut est quaerat quia. Nisi placeat molestias et aut nobis est. Hic nostrum quia et dolores sequi distinctio.','2017-07-20 23:33:16'),(36,36,36,'Suscipit et dolor natus et impedit velit. Veritatis blanditiis autem dolorem dicta aut.','1985-12-02 05:22:57'),(37,37,37,'Voluptas earum fugit occaecati voluptas reiciendis sapiente porro. Et praesentium sed quo blanditiis. Est nemo omnis impedit.','1981-01-03 00:41:13'),(38,38,38,'Officia sit voluptatem temporibus porro deleniti. Aut fugiat impedit facere itaque explicabo cum saepe.','1999-08-26 08:07:50'),(39,39,39,'Alias ea corrupti dolor unde aut voluptatem magni. Id minima omnis sed necessitatibus iste. Quis voluptas voluptatem eius.','2013-03-29 06:03:41'),(40,40,40,'A culpa explicabo eos numquam error. Sunt et velit quo ratione dicta. Tempore repellat impedit aut consequatur itaque est.','2013-07-21 14:42:24'),(41,41,41,'Non quas et at ea omnis. Ut accusantium inventore corrupti est perspiciatis dolores eum. Et voluptas repellendus debitis neque labore. Qui ab ut delectus magni facere praesentium quia maiores.','2017-10-20 12:30:59'),(42,42,42,'Tenetur et praesentium eos et quidem omnis qui. A aut ut nobis sed possimus velit ut. Sapiente minus quas saepe ipsam eligendi a. Quis corrupti sit consequatur ut velit reprehenderit.','1978-09-23 18:49:47'),(43,43,43,'Corrupti occaecati sed repellendus ut hic. Nobis nemo nisi amet autem aut in nemo. Exercitationem ut voluptatibus dolor iusto adipisci vel.','2020-11-08 13:21:33'),(44,44,44,'Dolorem numquam quia officia cumque. Repudiandae voluptas ducimus ratione iure quaerat eligendi. Voluptatibus expedita occaecati ad voluptates quaerat. Id perferendis dolorem doloremque beatae aliquid quos blanditiis.','2004-07-18 21:54:34'),(45,45,45,'Inventore et officia unde nihil eum. Est voluptas quis in dolorem quae officia. Quisquam repellendus aspernatur sed voluptatem eum ex expedita facere. Deleniti rerum autem rerum quo.','1971-05-26 17:09:00'),(46,46,46,'Quidem ullam rerum non asperiores voluptate voluptatem assumenda. Cum consequatur laboriosam velit qui id eius deleniti. Eum praesentium totam dicta quas. Enim qui impedit a voluptas vel corporis voluptatem.','2002-05-20 01:57:18'),(47,47,47,'Molestiae aperiam blanditiis et adipisci quos dolorem. Omnis ratione consectetur non corporis. Fugit et quae repellendus eveniet voluptatem culpa amet.','2010-04-04 16:00:33'),(48,48,48,'Harum molestias laborum sint incidunt praesentium. Quis molestiae mollitia et. Nihil non voluptatem est consectetur.','2013-09-09 07:37:28'),(49,49,49,'Soluta esse tenetur quaerat. Consequatur laborum sed ipsa quisquam cum. Officia aut placeat doloribus.','2001-12-01 13:21:00'),(50,50,50,'Tempora nemo voluptatibus itaque fuga. Esse consectetur aut quibusdam quis velit officiis cupiditate. Voluptatibus quo sed dolorum.','2010-10-12 22:41:35'),(51,51,51,'Voluptatem dolorem omnis maxime tempore. Aliquid velit ut ex eum nisi impedit impedit. At laudantium qui nihil autem fugiat sequi voluptatem qui.','2012-10-27 05:49:57'),(52,52,52,'Quam molestiae aut facere molestiae quo omnis quod. Ipsa nesciunt nihil accusamus quisquam facilis. Eos ab delectus ut aliquam quasi non illo. Voluptatem excepturi autem ducimus.','2016-01-11 17:00:50'),(53,53,53,'Beatae aut blanditiis perferendis cum mollitia nisi eaque. Aliquam et amet eum. Eius quis et ut cumque quisquam assumenda voluptas.','1974-10-14 23:05:23'),(54,54,54,'Error ad repudiandae quidem deleniti. Adipisci rerum excepturi quasi sit sit. Quis voluptate voluptas debitis nihil delectus omnis dolorem. Quasi exercitationem ut nemo qui rem autem.','2011-08-27 10:29:18'),(55,55,55,'Et dignissimos atque asperiores impedit voluptate. Omnis quidem maiores ea aliquam odit commodi odio. Distinctio provident ipsam ea vel. Veritatis molestiae eaque cumque.','1980-02-25 06:06:28'),(56,56,56,'Alias nostrum voluptates quibusdam laboriosam est. Iure et reiciendis amet fugiat. Autem quia quae consequatur quidem et accusamus nostrum. Voluptate inventore aut consequatur praesentium commodi incidunt quia praesentium.','1985-06-09 17:00:51'),(57,57,57,'Suscipit id id quis quasi consequuntur molestiae. Quo at consequatur et a.','1974-01-17 05:57:02'),(58,58,58,'Corporis illo sed aut inventore et molestiae. Temporibus facilis necessitatibus sit porro dolor. Impedit ea optio in enim repellendus.','2014-10-15 08:38:23'),(59,59,59,'In illum facilis nesciunt et. Sint quia quia ut vel corporis eos sit dolore. Beatae odio asperiores fugit omnis id.','1991-06-14 01:11:59'),(60,60,60,'Cum aut quo iure provident aut. Eos sapiente dolorem autem omnis incidunt tempore ducimus. Est reprehenderit distinctio occaecati eos.','2007-05-27 12:23:44'),(61,61,61,'Quaerat est totam dolore aut doloremque. Aut beatae nihil incidunt aut fuga est dolore. Velit eligendi quia earum nihil exercitationem.','1995-10-31 10:03:13'),(62,62,62,'Beatae illo libero amet eius qui. Doloribus ex eligendi et voluptatum ea. Qui facere ut nihil quia. Est eaque dolor rerum non dolorem optio id. Molestiae pariatur nobis magni aperiam impedit nostrum.','1985-07-25 19:00:56'),(63,63,63,'Mollitia delectus totam unde. Expedita molestiae occaecati eveniet provident mollitia adipisci. Assumenda commodi corporis perspiciatis inventore nihil qui. Corporis qui rerum et praesentium velit.','1981-07-16 06:34:15'),(64,64,64,'Commodi est vel ducimus reprehenderit suscipit. Esse consequuntur accusantium delectus minus. Aut mollitia consequatur qui rerum quo debitis corporis.','2010-05-18 09:57:29'),(65,65,65,'Et quis aut explicabo accusamus. Et non veniam consequatur neque provident possimus. Illum eveniet enim officia autem.','2000-04-23 14:03:35'),(66,66,66,'Fugiat eos commodi praesentium accusamus. Ad veniam ex modi asperiores ea non et sint. Aut aut quis doloribus atque ducimus architecto omnis. Est soluta et et quia amet consequatur sed.','2002-06-12 03:13:42'),(67,67,67,'Quas consequatur occaecati vero qui est et esse eos. Debitis ipsa voluptatum sed. Dicta beatae quasi omnis eos ullam magni rerum. Nostrum aut id odio quia. Temporibus voluptatibus est eius rem debitis esse minima.','1978-06-03 19:57:53'),(68,68,68,'Aut deleniti nemo dicta voluptas adipisci enim aut enim. Quos totam est quos atque. Laborum totam est enim aperiam. Ea eligendi veritatis sequi aut.','2016-03-14 18:13:29'),(69,69,69,'Qui saepe aut consequatur architecto enim fugit quia et. Temporibus optio recusandae cum dolore. Fugit aliquid non perferendis numquam molestias hic ex.','1972-12-01 18:08:24'),(70,70,70,'Voluptatem voluptatem repellendus corporis exercitationem fuga. Tempore odit voluptatum omnis eius possimus tempora reprehenderit. Rerum est sequi quia quia impedit blanditiis eligendi rerum. Rerum nam blanditiis asperiores repellendus sunt numquam ducimus.','2003-01-28 04:33:29'),(71,71,71,'In illum ea ducimus eum. Facere qui et deleniti qui. Debitis ut eveniet enim voluptatibus cum doloremque. Quod aut nihil ullam.','1985-03-22 06:58:55'),(72,72,72,'Exercitationem aut facilis magni aut et ea. Distinctio beatae atque suscipit. Et tenetur cupiditate amet nostrum facilis adipisci.','2017-12-22 20:05:18'),(73,73,73,'Sint fugiat suscipit qui ut. Est debitis id inventore dolor est enim ipsam non. Maiores sed accusantium culpa placeat eum. Incidunt accusamus quia eos autem alias error.','2012-10-30 18:36:44'),(74,74,74,'Et facilis tempora sunt ducimus provident sint. Temporibus quaerat molestiae qui vel aliquam. Temporibus qui occaecati et rem a.','2016-07-22 07:51:54'),(75,75,75,'Et dolores est est et omnis. Reprehenderit ad architecto fugit magni doloribus. Id quia reprehenderit et facere odio omnis corrupti. Fugit et in blanditiis fugit quis ullam. Ipsa aut voluptatem laborum aut et quod ipsum.','1990-12-14 18:53:29'),(76,76,76,'Natus aut iste consectetur et eaque porro minima laboriosam. Earum ea officiis error. Commodi error incidunt voluptatem voluptatem.','2000-12-05 16:32:23'),(77,77,77,'Quidem exercitationem non iure necessitatibus sed. Ea eum dolorem tempore. Qui et quibusdam in explicabo illo sint.','2002-02-24 03:52:32'),(78,78,78,'Minus et sequi excepturi et explicabo sed. Sint veniam in atque ullam est aut nihil. Ut et deleniti et id ipsum placeat. At numquam quae temporibus placeat sequi earum.','2004-02-02 18:24:00'),(79,79,79,'Inventore fugiat occaecati inventore est aperiam quas et. Esse illo veniam aut nemo. Minima magni cupiditate quo harum velit voluptates quasi.','2020-10-03 18:41:19'),(80,80,80,'Deleniti ut nulla nemo sunt ipsa unde. Autem earum excepturi vero repellat sunt doloribus. Eaque odit officiis quo quaerat. Fuga qui impedit est earum voluptates incidunt.','1999-02-04 11:04:38'),(81,81,81,'Quae maxime qui eos illo. Ullam ex officia qui omnis beatae veniam. Animi est accusamus omnis aliquam. Quas sed alias ad fugiat placeat facere.','2006-05-09 22:41:16'),(82,82,82,'Cum eveniet et reprehenderit atque molestiae. Beatae quis ad debitis inventore. Repellat consequatur id ea tenetur necessitatibus voluptatem. Error aperiam id laboriosam. Nulla non id aliquid odio fuga et doloremque.','2017-07-15 00:45:16'),(83,83,83,'Minus repellat consectetur voluptates voluptates aut odio. Tenetur voluptatum est cum voluptate. Atque voluptas labore minima esse amet ratione. Iure voluptatem delectus doloribus aut rem minima deleniti.','1989-05-27 09:45:29'),(84,84,84,'Mollitia est iusto ratione et. Totam corrupti rem sit dicta impedit itaque. Quae ullam et quidem est ut a. Id quam ea saepe velit cupiditate rerum ut sunt.','1996-10-12 06:20:04'),(85,85,85,'Consequuntur dignissimos laborum iusto possimus repudiandae maxime. Enim et veniam qui culpa illum. Adipisci modi occaecati eaque quia laboriosam aut.','1994-11-26 10:40:38'),(86,86,86,'Exercitationem sequi quod quia doloremque. Et dolores ullam molestiae possimus sunt. Nostrum cum inventore suscipit laudantium dolorum numquam nesciunt. Cum vel voluptatem enim.','1975-10-09 14:00:15'),(87,87,87,'Est non nihil hic expedita deleniti possimus. Quia repellat facilis ea dolorem. Quia omnis id incidunt ea enim quo sapiente. Sed expedita occaecati facilis ducimus dolor voluptas impedit.','1970-05-01 20:25:48'),(88,88,88,'Molestiae doloribus est eaque veritatis doloremque voluptatibus. Quasi veniam quis et nemo placeat veniam aut. Est ea amet dolores vel sed. Suscipit eum et voluptatem fugiat quod.','1989-11-11 21:27:38'),(89,89,89,'Suscipit voluptate aliquam facere repellendus voluptatibus repellendus quaerat. Labore magni et placeat quidem vel praesentium. Omnis commodi animi omnis neque deserunt quia illum molestias. Ipsa doloremque tenetur ipsam assumenda rerum dolor.','1980-05-15 14:16:43'),(90,90,90,'Id nostrum quas veniam molestias qui sit. Dolores excepturi quis placeat suscipit fuga excepturi quis. At consequuntur nisi expedita iusto deserunt perferendis a. Minus a ea eius neque est officiis delectus voluptas. Recusandae veritatis sed inventore laudantium veritatis voluptas itaque vitae.','1972-04-22 13:03:31'),(91,91,91,'Itaque et optio id natus qui doloribus et. Rerum similique unde sed est saepe beatae quos. Mollitia consequatur alias expedita voluptatibus rerum est minima. Reiciendis ut eos mollitia et debitis sit nisi accusantium.','2007-12-29 15:33:52'),(92,92,92,'Sequi enim expedita tempora fugit quos. Eum sed eaque ut nesciunt. Eligendi ea tempora voluptatem ex autem veniam. Aliquid ex corrupti sequi vel consequatur dolorem delectus.','2007-05-07 03:35:11'),(93,93,93,'Placeat quia consequuntur dignissimos sint perferendis nihil ut. Aut sed officia cum nisi. Nobis eius reiciendis est doloremque animi.','1970-07-06 09:57:24'),(94,94,94,'Adipisci sunt ab molestiae nemo ea dolor et. Quos pariatur porro autem quam cupiditate voluptatem aperiam voluptates. Neque itaque numquam voluptatem est et harum consequatur. In voluptas laboriosam repellat sed quo neque aut.','2018-02-13 18:47:50'),(95,95,95,'Saepe beatae totam ut eum repellat sapiente voluptatum. Sed voluptatum aliquam possimus incidunt. Laudantium dolores facilis omnis sapiente. Sit ut omnis consectetur ad nisi possimus. Temporibus ut consectetur velit doloribus aspernatur tenetur pariatur.','1973-04-27 19:12:49'),(96,96,96,'Eaque non aliquam est facere quis. Impedit iusto facere corporis iure nostrum corporis. Impedit autem est necessitatibus at autem. Autem aliquam molestiae et vel.','2007-12-27 18:25:59'),(97,97,97,'Eaque quasi neque nam magni. Aut nam voluptas neque eos est. Non error et aut aut rerum rerum beatae cum.','1986-06-16 07:19:12'),(98,98,98,'Sequi voluptates dolores eos porro suscipit adipisci tempora. Dicta ratione fuga dolore ipsa eos dicta. Non corrupti quod quia earum soluta corrupti. Voluptatem aliquid quaerat officiis excepturi reiciendis.','1991-06-30 08:05:07'),(99,99,99,'Iure nemo aut voluptate est porro reprehenderit dolores. Fuga consequatur sed illo architecto. Et ut cupiditate vel sunt architecto enim voluptatem.','1972-07-20 21:36:15'),(100,100,100,'Fugiat dolorum vitae enim qui eligendi aspernatur. Nostrum beatae alias ratione. Et laudantium est deleniti qui.','2015-01-13 19:57:18');
/*!40000 ALTER TABLE `messages` ENABLE KEYS */;
UNLOCK TABLES;

--
-- Table structure for table `photo_albums`
--

DROP TABLE IF EXISTS `photo_albums`;
/*!40101 SET @saved_cs_client     = @@character_set_client */;
/*!40101 SET character_set_client = utf8 */;
CREATE TABLE `photo_albums` (
  `id` bigint(20) unsigned NOT NULL AUTO_INCREMENT,
  `name` varchar(255) COLLATE utf8mb4_unicode_ci DEFAULT NULL,
  `user_id` bigint(20) unsigned DEFAULT NULL,
  PRIMARY KEY (`id`),
  UNIQUE KEY `id` (`id`),
  KEY `user_id` (`user_id`),
  CONSTRAINT `photo_albums_ibfk_1` FOREIGN KEY (`user_id`) REFERENCES `users` (`id`) ON DELETE SET NULL ON UPDATE CASCADE
) ENGINE=InnoDB AUTO_INCREMENT=101 DEFAULT CHARSET=utf8mb4 COLLATE=utf8mb4_unicode_ci;
/*!40101 SET character_set_client = @saved_cs_client */;

--
-- Dumping data for table `photo_albums`
--

LOCK TABLES `photo_albums` WRITE;
/*!40000 ALTER TABLE `photo_albums` DISABLE KEYS */;
INSERT INTO `photo_albums` VALUES (1,'pariatur',1),(2,'rerum',2),(3,'ab',3),(4,'sit',4),(5,'aut',5),(6,'sit',6),(7,'suscipit',7),(8,'ea',8),(9,'ut',9),(10,'qui',10),(11,'sapiente',11),(12,'explicabo',12),(13,'natus',13),(14,'dolores',14),(15,'ea',15),(16,'voluptatem',16),(17,'debitis',17),(18,'velit',18),(19,'et',19),(20,'facere',20),(21,'libero',21),(22,'consequatur',22),(23,'a',23),(24,'expedita',24),(25,'accusamus',25),(26,'minus',26),(27,'impedit',27),(28,'nesciunt',28),(29,'ut',29),(30,'id',30),(31,'et',31),(32,'voluptas',32),(33,'quis',33),(34,'reprehenderit',34),(35,'eos',35),(36,'est',36),(37,'ut',37),(38,'ad',38),(39,'minima',39),(40,'voluptatem',40),(41,'non',41),(42,'omnis',42),(43,'minus',43),(44,'ratione',44),(45,'vero',45),(46,'explicabo',46),(47,'doloribus',47),(48,'voluptates',48),(49,'labore',49),(50,'corrupti',50),(51,'cumque',51),(52,'fuga',52),(53,'aut',53),(54,'odio',54),(55,'sit',55),(56,'quasi',56),(57,'harum',57),(58,'quam',58),(59,'nemo',59),(60,'repudiandae',60),(61,'amet',61),(62,'sed',62),(63,'maxime',63),(64,'omnis',64),(65,'voluptas',65),(66,'autem',66),(67,'dolorum',67),(68,'impedit',68),(69,'atque',69),(70,'aspernatur',70),(71,'distinctio',71),(72,'aut',72),(73,'voluptatem',73),(74,'soluta',74),(75,'quia',75),(76,'quibusdam',76),(77,'quis',77),(78,'magnam',78),(79,'et',79),(80,'impedit',80),(81,'repellat',81),(82,'dolore',82),(83,'quaerat',83),(84,'iusto',84),(85,'commodi',85),(86,'accusamus',86),(87,'eos',87),(88,'et',88),(89,'laudantium',89),(90,'quia',90),(91,'nostrum',91),(92,'facilis',92),(93,'quis',93),(94,'est',94),(95,'eius',95),(96,'aut',96),(97,'ut',97),(98,'odit',98),(99,'non',99),(100,'tenetur',100);
/*!40000 ALTER TABLE `photo_albums` ENABLE KEYS */;
UNLOCK TABLES;

--
-- Table structure for table `photos`
--

DROP TABLE IF EXISTS `photos`;
/*!40101 SET @saved_cs_client     = @@character_set_client */;
/*!40101 SET character_set_client = utf8 */;
CREATE TABLE `photos` (
  `id` bigint(20) unsigned NOT NULL AUTO_INCREMENT,
  `album_id` bigint(20) unsigned NOT NULL,
  `media_id` bigint(20) unsigned NOT NULL,
  PRIMARY KEY (`id`),
  KEY `album_id` (`album_id`),
  KEY `media_id` (`media_id`),
  CONSTRAINT `photos_ibfk_1` FOREIGN KEY (`album_id`) REFERENCES `photo_albums` (`id`) ON DELETE CASCADE ON UPDATE CASCADE,
  CONSTRAINT `photos_ibfk_2` FOREIGN KEY (`media_id`) REFERENCES `media` (`id`) ON DELETE CASCADE ON UPDATE CASCADE
) ENGINE=InnoDB AUTO_INCREMENT=101 DEFAULT CHARSET=utf8mb4 COLLATE=utf8mb4_unicode_ci;
/*!40101 SET character_set_client = @saved_cs_client */;

--
-- Dumping data for table `photos`
--

LOCK TABLES `photos` WRITE;
/*!40000 ALTER TABLE `photos` DISABLE KEYS */;
INSERT INTO `photos` VALUES (1,1,1),(2,2,2),(3,3,3),(4,4,4),(5,5,5),(6,6,6),(7,7,7),(8,8,8),(9,9,9),(10,10,10),(11,11,11),(12,12,12),(13,13,13),(14,14,14),(15,15,15),(16,16,16),(17,17,17),(18,18,18),(19,19,19),(20,20,20),(21,21,21),(22,22,22),(23,23,23),(24,24,24),(25,25,25),(26,26,26),(27,27,27),(28,28,28),(29,29,29),(30,30,30),(31,31,31),(32,32,32),(33,33,33),(34,34,34),(35,35,35),(36,36,36),(37,37,37),(38,38,38),(39,39,39),(40,40,40),(41,41,41),(42,42,42),(43,43,43),(44,44,44),(45,45,45),(46,46,46),(47,47,47),(48,48,48),(49,49,49),(50,50,50),(51,51,51),(52,52,52),(53,53,53),(54,54,54),(55,55,55),(56,56,56),(57,57,57),(58,58,58),(59,59,59),(60,60,60),(61,61,61),(62,62,62),(63,63,63),(64,64,64),(65,65,65),(66,66,66),(67,67,67),(68,68,68),(69,69,69),(70,70,70),(71,71,71),(72,72,72),(73,73,73),(74,74,74),(75,75,75),(76,76,76),(77,77,77),(78,78,78),(79,79,79),(80,80,80),(81,81,81),(82,82,82),(83,83,83),(84,84,84),(85,85,85),(86,86,86),(87,87,87),(88,88,88),(89,89,89),(90,90,90),(91,91,91),(92,92,92),(93,93,93),(94,94,94),(95,95,95),(96,96,96),(97,97,97),(98,98,98),(99,99,99),(100,100,100);
/*!40000 ALTER TABLE `photos` ENABLE KEYS */;
UNLOCK TABLES;

--
-- Table structure for table `profiles`
--

DROP TABLE IF EXISTS `profiles`;
/*!40101 SET @saved_cs_client     = @@character_set_client */;
/*!40101 SET character_set_client = utf8 */;
CREATE TABLE `profiles` (
  `user_id` bigint(20) unsigned NOT NULL AUTO_INCREMENT,
  `gender` char(1) COLLATE utf8mb4_unicode_ci DEFAULT NULL,
  `birthday` date DEFAULT NULL,
  `photo_id` bigint(20) unsigned DEFAULT NULL,
  `created_at` datetime DEFAULT current_timestamp(),
  `hometown` varchar(100) COLLATE utf8mb4_unicode_ci DEFAULT NULL,
  PRIMARY KEY (`user_id`),
  KEY `fk_photo_id` (`photo_id`),
  CONSTRAINT `fk_photo_id` FOREIGN KEY (`photo_id`) REFERENCES `photos` (`id`) ON DELETE SET NULL ON UPDATE CASCADE,
  CONSTRAINT `fk_user_id` FOREIGN KEY (`user_id`) REFERENCES `users` (`id`) ON DELETE CASCADE ON UPDATE CASCADE
) ENGINE=InnoDB AUTO_INCREMENT=101 DEFAULT CHARSET=utf8mb4 COLLATE=utf8mb4_unicode_ci;
/*!40101 SET character_set_client = @saved_cs_client */;

--
-- Dumping data for table `profiles`
--

LOCK TABLES `profiles` WRITE;
/*!40000 ALTER TABLE `profiles` DISABLE KEYS */;
INSERT INTO `profiles` VALUES (1,'m','1982-01-20',1,'1993-06-11 06:44:12',NULL),(2,'w','2016-04-14',2,'1997-02-27 14:49:47',NULL),(3,'m','1993-12-10',3,'1980-01-17 03:58:18',NULL),(4,'m','2015-04-06',4,'2016-01-19 18:25:46',NULL),(5,'w','2008-01-25',5,'1974-11-10 21:11:23',NULL),(6,'w','2016-04-22',6,'1995-02-13 10:06:11',NULL),(7,'w','2012-06-03',7,'2011-03-24 22:58:07',NULL),(8,'w','1992-05-07',8,'1996-04-12 11:12:19',NULL),(9,'w','2010-07-18',9,'1985-08-18 16:50:34',NULL),(10,'m','1990-10-05',10,'1994-07-24 06:03:57',NULL),(11,'m','2016-07-19',11,'2006-07-12 18:15:48',NULL),(12,'m','1999-08-16',12,'1992-05-05 20:29:47',NULL),(13,'m','2010-04-28',13,'1982-11-05 14:23:52',NULL),(14,'m','1984-08-28',14,'1988-07-18 10:11:22',NULL),(15,'m','2014-08-19',15,'1983-06-04 04:47:02',NULL),(16,'m','1993-05-05',16,'1978-06-11 13:37:04',NULL),(17,'w','2017-12-30',17,'1999-10-21 08:51:05',NULL),(18,'w','2020-03-17',18,'1999-03-30 01:04:00',NULL),(19,'m','1984-10-12',19,'1978-10-06 20:39:11',NULL),(20,'w','2006-10-04',20,'1985-08-19 02:26:14',NULL),(21,'w','1974-04-14',21,'1998-03-17 15:33:44',NULL),(22,'m','1979-03-10',22,'2008-02-21 04:53:12',NULL),(23,'m','1988-01-14',23,'1970-09-03 17:31:01',NULL),(24,'w','2002-02-13',24,'1971-11-09 23:25:22',NULL),(25,'m','2010-04-05',25,'2004-09-14 15:47:26',NULL),(26,'w','1983-06-14',26,'1999-12-16 00:00:29',NULL),(27,'w','1995-11-10',27,'1976-08-17 20:26:16',NULL),(28,'w','1975-02-04',28,'1976-11-28 08:01:55',NULL),(29,'w','2000-08-07',29,'1994-06-16 15:41:15',NULL),(30,'w','1996-02-09',30,'2002-09-02 10:04:00',NULL),(31,'w','2006-07-03',31,'2009-01-02 08:38:53',NULL),(32,'m','1982-03-28',32,'1979-03-17 22:13:34',NULL),(33,'m','1973-11-05',33,'1989-07-07 18:49:43',NULL),(34,'m','1984-12-29',34,'1995-09-23 05:52:26',NULL),(35,'w','1985-04-19',35,'1984-07-05 04:33:27',NULL),(36,'m','2017-03-23',36,'2011-08-11 21:37:07',NULL),(37,'m','2006-08-10',37,'1981-12-27 02:04:30',NULL),(38,'m','2005-09-16',38,'2013-06-11 06:45:12',NULL),(39,'w','1996-01-07',39,'1986-05-02 17:46:26',NULL),(40,'w','1976-11-07',40,'1999-02-07 00:02:07',NULL),(41,'m','2015-08-28',41,'2020-01-26 14:48:41',NULL),(42,'w','2010-04-06',42,'2015-04-20 08:08:50',NULL),(43,'w','1971-08-02',43,'1991-11-23 02:17:42',NULL),(44,'m','1987-10-20',44,'1982-10-27 09:28:12',NULL),(45,'w','2010-02-18',45,'1993-04-13 17:07:07',NULL),(46,'w','2000-12-24',46,'2002-05-21 00:45:59',NULL),(47,'w','1992-02-27',47,'1983-06-05 01:55:48',NULL),(48,'w','1983-04-21',48,'1997-05-13 15:52:40',NULL),(49,'m','1997-04-11',49,'1988-10-28 09:13:44',NULL),(50,'w','1982-05-03',50,'1991-01-11 19:29:33',NULL),(51,'m','2000-07-31',51,'1992-06-18 12:31:22',NULL),(52,'w','1992-04-13',52,'1988-04-02 17:49:43',NULL),(53,'w','1995-04-24',53,'1974-05-14 00:48:58',NULL),(54,'w','1972-12-02',54,'1971-07-26 20:36:36',NULL),(55,'w','2005-09-30',55,'2010-01-15 23:22:22',NULL),(56,'m','2012-04-20',56,'2017-12-19 01:20:24',NULL),(57,'m','1992-01-11',57,'2016-12-14 05:51:14',NULL),(58,'m','2017-01-27',58,'2009-01-27 09:00:12',NULL),(59,'m','1997-09-16',59,'1979-12-05 20:53:42',NULL),(60,'m','1974-09-03',60,'1980-08-03 13:55:32',NULL),(61,'w','2018-09-23',61,'2005-03-02 23:23:44',NULL),(62,'m','2007-07-11',62,'1991-05-29 15:21:42',NULL),(63,'m','1981-11-23',63,'2000-05-15 17:29:19',NULL),(64,'m','1983-11-30',64,'1978-07-02 12:24:26',NULL),(65,'w','2000-07-16',65,'2006-12-18 11:43:20',NULL),(66,'m','2007-03-04',66,'1975-05-05 12:24:33',NULL),(67,'m','2017-09-16',67,'2020-06-09 23:31:27',NULL),(68,'w','1971-02-15',68,'1981-10-25 07:14:41',NULL),(69,'w','1985-05-25',69,'2001-12-17 07:46:13',NULL),(70,'w','2001-10-19',70,'1991-01-29 22:23:52',NULL),(71,'w','1993-04-09',71,'1997-12-07 16:29:30',NULL),(72,'w','1972-04-10',72,'1974-10-11 05:15:33',NULL),(73,'w','1989-03-10',73,'1980-02-15 06:02:36',NULL),(74,'w','1982-01-14',74,'2010-06-01 03:05:29',NULL),(75,'w','1984-03-27',75,'2000-01-13 05:57:35',NULL),(76,'w','2020-07-15',76,'1981-02-16 09:16:50',NULL),(77,'w','2009-06-15',77,'1992-08-06 01:43:35',NULL),(78,'w','2018-07-14',78,'1971-05-18 09:59:26',NULL),(79,'w','1970-01-15',79,'1988-07-19 20:34:48',NULL),(80,'w','1982-06-12',80,'1995-04-19 13:21:23',NULL),(81,'m','1982-01-21',81,'1995-06-17 15:16:56',NULL),(82,'m','1973-04-26',82,'2006-07-21 01:18:43',NULL),(83,'m','2006-08-08',83,'1994-05-12 00:04:31',NULL),(84,'m','1975-11-13',84,'1974-01-30 10:41:57',NULL),(85,'m','1998-07-31',85,'2001-09-21 00:34:48',NULL),(86,'w','2017-06-22',86,'1985-09-13 09:40:00',NULL),(87,'w','2016-10-14',87,'2003-06-03 13:21:06',NULL),(88,'m','1992-09-17',88,'1996-05-27 12:59:53',NULL),(89,'w','2011-02-19',89,'1996-09-23 15:53:10',NULL),(90,'w','1982-05-02',90,'2007-03-01 12:04:30',NULL),(91,'m','1976-10-16',91,'2005-03-22 14:37:34',NULL),(92,'w','2003-10-30',92,'1998-09-07 19:21:32',NULL),(93,'w','2016-12-01',93,'1999-12-22 12:21:34',NULL),(94,'w','2006-10-06',94,'2011-11-06 12:13:30',NULL),(95,'w','1993-10-07',95,'1989-06-29 16:24:40',NULL),(96,'w','1983-03-13',96,'2019-11-11 05:34:21',NULL),(97,'w','1988-03-17',97,'1973-05-15 04:24:38',NULL),(98,'w','1997-01-01',98,'1988-02-20 23:57:58',NULL),(99,'m','2000-09-14',99,'2009-09-18 15:49:33',NULL),(100,'w','1984-10-29',100,'1985-03-30 14:18:06',NULL);
/*!40000 ALTER TABLE `profiles` ENABLE KEYS */;
UNLOCK TABLES;

--
-- Table structure for table `users`
--

DROP TABLE IF EXISTS `users`;
/*!40101 SET @saved_cs_client     = @@character_set_client */;
/*!40101 SET character_set_client = utf8 */;
CREATE TABLE `users` (
  `id` bigint(20) unsigned NOT NULL AUTO_INCREMENT,
  `firstname` varchar(100) COLLATE utf8mb4_unicode_ci DEFAULT NULL,
  `lastname` varchar(100) COLLATE utf8mb4_unicode_ci DEFAULT NULL COMMENT 'Фамилия',
  `email` varchar(100) COLLATE utf8mb4_unicode_ci DEFAULT NULL,
  `password_hash` varchar(100) COLLATE utf8mb4_unicode_ci DEFAULT NULL,
  `phone` bigint(20) DEFAULT NULL,
  `is_deleted` bit(1) DEFAULT b'0',
  PRIMARY KEY (`id`),
  UNIQUE KEY `email` (`email`),
  KEY `users_firstname_lastname_idx` (`firstname`,`lastname`)
) ENGINE=InnoDB AUTO_INCREMENT=101 DEFAULT CHARSET=utf8mb4 COLLATE=utf8mb4_unicode_ci;
/*!40101 SET character_set_client = @saved_cs_client */;

--
-- Dumping data for table `users`
--

LOCK TABLES `users` WRITE;
/*!40000 ALTER TABLE `users` DISABLE KEYS */;
INSERT INTO `users` VALUES (1,'Selina','Feil','wisoky.rosemarie@example.net','0e1dc03131a4344feb164960f326ced8533602cf',9647509101,''),(2,'Laury','Hamill','ima49@example.net','9b2fbb9c739686804e4fb5f3faf2715297da5115',9996406938,''),(3,'Jany','Renner','ludie.gottlieb@example.net','049fa9d7bfe111fe7395ebc6ad6c96917f9e6364',9083065526,''),(4,'Elfrieda','Luettgen','jarrod23@example.net','b814ed9d5ffbaf9f1b69de47cc83248928b171bf',9884902879,''),(5,'Bart','Bartoletti','marisol23@example.com','6c1150a3fc119aa7e41e3315719979920b226730',9723069226,''),(6,'Keegan','Langosh','priscilla.emmerich@example.net','cd9ae8618d282879f74427913c01b966137deb96',9182662081,''),(7,'Arlene','Carroll','rafael.jenkins@example.com','7feb14fd2d6fedc01104bf528636ebc9040f4bb3',9532597389,'\0'),(8,'Angel','Schowalter','blick.lindsay@example.org','58d9f2085dbc6203c47529cc67769210153d973d',9207121570,''),(9,'Adrienne','Effertz','martine.schultz@example.org','914bac646449528ded5697926afb2e9dff9d3671',9116837862,''),(10,'Viviane','Lesch','justen17@example.com','05d1c7bae316c53d244575a7cdfe2a05ceba9712',9544070203,''),(11,'Scarlett','Lind','weber.amie@example.org','dac4ecd01ecb464f5038ae09fd610366878cf738',9271363127,'\0'),(12,'Jaycee','Runolfsdottir','larson.audreanne@example.net','875d28f5d6c59ba78cfaba43cd7bf38210702141',9566959114,''),(13,'Marilyne','Pacocha','spencer.asa@example.org','8535eb9c22944326b39b3a867061df4ff91819b8',9380791456,''),(14,'Myrl','Rempel','ebatz@example.com','a1951b61a365d6000eb50207a062a5c1ff4a84ef',9746577195,''),(15,'Bridie','Kub','edibbert@example.net','7bc915857edc4a39fae6b9ebe00f24f38e65625b',9983532464,''),(16,'Cristian','Hartmann','udickinson@example.net','5f1c89c20ea0685682f62c9eb8b67dde36761020',9512881571,''),(17,'Casandra','Rath','ward.robyn@example.net','b7709aa2e2828c0f092d4695cfd143f6afe30d6e',9074177329,''),(18,'Alayna','Stamm','eldon70@example.com','71e6211f21df8a8b168cd1f9a5ed25117dae59bf',9717918696,''),(19,'Jane','Block','mitchel50@example.org','6693d2af771a629cc6546801eb97c0ea37c03a2b',9312825246,''),(20,'Antonietta','Carter','bobby08@example.net','e387d65c619105c14d400e75e8dda5fb81a259c2',9412495581,''),(21,'Dawson','Braun','isaias.kuvalis@example.org','0a906552235f5b21f4d0ea56d91841bd5eae7b7e',9687080521,''),(22,'Charley','Rowe','dariana.little@example.net','3a9c2ffb85d406d5eec58e1ab93bc76059fc5b40',9207030114,''),(23,'Leo','Cremin','willy52@example.org','822565c6d6f7eb4bd036e936c0a84a9b101bcd24',9556201889,'\0'),(24,'Emelie','Wehner','bashirian.vinnie@example.com','e947f808723969c948a91b85376c197d5b65e2d0',9012055660,''),(25,'Manuel','Predovic','torrey98@example.com','6a351f9282b1949b400d903a3fea5980029b2b9e',9212028153,''),(26,'Bobby','Stanton','cristal.reynolds@example.net','1d9796a851eca260ac83e8da66a86d3a23a700b9',9681193175,''),(27,'Jenifer','Larkin','vbatz@example.net','04419d3be92ee138f0f2633cf30e5eec0e09212a',9472745431,''),(28,'Rico','Conn','halvorson.adolfo@example.net','2f9abb3b3dbad317f0a5561ef6aa6c418c98a230',9217584024,''),(29,'Margaretta','Fadel','hyatt.dovie@example.org','8ca98499111dfc4e0bbc7f7cb01b9052f4b2a56c',9090896680,''),(30,'Abdullah','Klein','sawayn.rita@example.com','fe3f43f2ceb50b3227309864f9632b848da6767b',9393845380,''),(31,'David','Casper','lourdes.pollich@example.com','afb72ac1e9d67fbadd5998ed9a23c22bc5f6ee81',9844102426,''),(32,'Winnifred','Simonis','vince19@example.net','125c97efd5dd1aa26965b4d2f7f470a326cc8ccb',9537440646,''),(33,'Johnnie','Heaney','alfreda.nicolas@example.org','ff6ed39b30b92c8c8f5743c25fdf1d57ba226ea9',9089838505,''),(34,'Marquise','Gislason','stark.jalon@example.com','c9bd5e28f76e966e9d218d25a9becb9bbe32108f',9251718739,''),(35,'Junius','Franecki','kameron14@example.org','ff3989753fab12b345e5c50744fb896ce43e30fe',9744535267,''),(36,'Hans','O\'Connell','alex83@example.com','08da7b55b84253f26686dd6d4ac6c0c71f7f296e',9712626870,''),(37,'Myriam','Bergstrom','gaston.goldner@example.com','ee01820d4435a11857d54329d7cdf27509a58fb9',9685321794,'\0'),(38,'Harold','Braun','eveline18@example.net','127c0ae998dd3eb3ad4816defe4df4cb3906ceae',9297352738,''),(39,'Jacynthe','Blick','cara.mccullough@example.net','b701eaa1ade8e33c123ee248980048681ec80804',9110937813,''),(40,'Darien','Koelpin','ikling@example.com','e56719e6d9c931ee49be5af5cd34013a80b2cc7c',9057942302,''),(41,'Blaise','Pacocha','lonzo.sauer@example.org','9443f33ec6ab600349d83894ac5e763521c99193',9004422279,''),(42,'Carmelo','Schultz','heloise.rempel@example.com','9695b29dcc6bebc0ec96f8503c9400d2e455b0e1',9723469082,''),(43,'Bailey','Auer','rowe.elenor@example.net','d9809de95548232774c76950bb0539b9bb5409e2',9507352004,''),(44,'Eugene','Tromp','elmira92@example.org','b558967c9d71a8093b512c5af3d11b9a32735639',9866784397,''),(45,'Demond','Padberg','cheyanne42@example.net','7a1841b08d7bbae266dc39e3baea1b16207cef97',9534616657,''),(46,'Chandler','Bailey','linda32@example.net','e235b3b613edb172f4c8dec9e724b1f36fcd928a',9168834369,''),(47,'Josiane','Robel','feeney.mary@example.org','f0ba1c5bd2f307c0be30c7eeb6162d979178ac79',9194637237,''),(48,'Lauryn','Berge','trudie.parisian@example.com','b2e41482f071931d02aba520c9acfd6aa36329b4',9580322449,''),(49,'Josianne','Herman','clabadie@example.net','808869f2d56a9a7661a0f35bc66d9e4f6bfac2f5',9045393324,''),(50,'Georgette','Cartwright','skoelpin@example.org','9e4186a31abd864c782e078900f3efdc1767b35d',9202954903,''),(51,'Darrin','Streich','nitzsche.reece@example.net','bc4cc06aabbf0fb711e8c70fcae8a4ed4c7e18a8',9300676686,''),(52,'Domingo','Rath','caleb.haag@example.org','9106da07633b47c38fe180c4e9a6b27e5da9204f',9335828713,''),(53,'Evangeline','Dicki','bahringer.brandt@example.com','474b4df2ca1f967e8ac3ade05014f204453534ba',9389000269,''),(54,'Verla','Lueilwitz','yblock@example.com','e9a855889c5b129241cb2042ae638a399e40963f',9420509085,''),(55,'Fletcher','Hickle','wboyle@example.com','971ffbf3e3c3fae6b27aa81c9d93f04cf0838e61',9959810513,''),(56,'Quinton','Schroeder','runolfsson.rafael@example.com','2f5a365a758eb2a00c3c5b1cefcb96669455f305',9361930010,''),(57,'Leilani','Crona','alize.kirlin@example.org','317dba646f34d75d56961669e00af68b44e2e706',9057593135,''),(58,'Retta','Willms','nsatterfield@example.org','d47cb6fd0e60450561aff0aa561b6eca2beb57a4',9159757273,''),(59,'Susanna','DuBuque','jordy.champlin@example.net','40a64a298ff07dd778840031a8c1744223725d05',9931373569,''),(60,'Felicia','Fay','lkub@example.org','73221cef021d2fa44e6dd2c0ac1e643338533dc0',9512570573,''),(61,'Adam','Friesen','mccullough.coleman@example.com','1469a5a86d587af87e13c021f55630180e71e033',9047519465,''),(62,'Jeffery','Larson','mozell24@example.com','234ed877d6663f75183f397d3b2fed88dd014a1e',9652052646,''),(63,'Kelsie','Sipes','zack.gottlieb@example.com','5f74737a6ece5d2378c089ed8e9695ff00e6f4bc',9353455016,'\0'),(64,'Yasmeen','Willms','wade.osinski@example.org','21d1e1736789a835d252764bd14cae0627836f79',9986616407,''),(65,'Evie','Nikolaus','sandy33@example.org','e0bdbe3ae7b56365b6639b3d7b77f93e71b93b9e',9416552190,''),(66,'Jakayla','Schaefer','franecki.trever@example.com','f6ab18d26e4e0767e6abf8c50f157f311e21bd99',9805518779,''),(67,'Aric','Dickinson','jacey.ratke@example.org','f9ce0eb3c79563945d8ea4b968a49bff477d2849',9919923936,'\0'),(68,'Trystan','Windler','purdy.everette@example.net','55036e6f238698b21814797354b28629c901a5da',9144207910,'\0'),(69,'Karolann','Rogahn','skiles.reynold@example.com','9fe10b89db753c82d85c5c9ef68e11ea5d9f3347',9568246827,''),(70,'Henry','Kuhn','tyrel63@example.org','d097a407d09738665a9e59e5b7b1eafcda58b6cb',9159758862,''),(71,'Daron','Stokes','zterry@example.net','5b25d4cf125d485fbe074ca908b37a92fb90204d',9084456118,''),(72,'Caterina','Murazik','virgil50@example.org','e26fdece7155f3b430c4aba9617480ed70161552',9871017335,''),(73,'Erin','Sanford','madisen.goyette@example.com','f64ef5eeda6e63cf656f979fe8a568ff2f0ef08e',9051082973,''),(74,'Lorine','Heaney','pwaelchi@example.com','bd510657cb2daf366e60d1e0ade33626974aa728',9173163316,''),(75,'Ashton','Krajcik','greyson62@example.org','6ea8a634d53e47b6525b59fa2487ec5c814881f5',9053035338,''),(76,'Cory','Stark','rau.santos@example.org','a8cdbbcc090a58df873bced501a171eff1c4a522',9736013166,''),(77,'Sandrine','Thompson','adonis.hodkiewicz@example.org','ea0f3eb3fa6581325ba69652e2c77ebd1dd13522',9477405836,''),(78,'Kaycee','Koelpin','gbradtke@example.org','bcb510ca8557032eb71e8f69be73fb6944683de0',9343474399,''),(79,'Dolly','Purdy','kenton.schinner@example.com','efbb1c9deb09a87ac615721fe848d5919d4eeb95',9931941818,''),(80,'Mac','Jakubowski','nolan.george@example.net','a51115fac320f0665b9c23a2454e27116e10ac3f',9766515808,''),(81,'Addison','Abshire','sschoen@example.net','026c58d71aacc5c697f8ba50a511d91b76014b05',9956892432,''),(82,'Evert','Halvorson','kenyon.mcdermott@example.net','328aae559c85f71cd73e1280172bfdfc061d4693',9384647450,''),(83,'Edythe','Bahringer','chance.leannon@example.net','a7f25b6196cc248b60974934945331ab526704db',9409263397,''),(84,'Ona','Hammes','ipacocha@example.net','3f2e3e8c3a508f60cf0b2d736698751fd0a311f4',9603610122,''),(85,'Joe','Watsica','shania.runolfsdottir@example.com','6105eb12a3a5f051322cf32746ca6eea1fc78c08',9071828827,''),(86,'Kameron','Swift','brooklyn05@example.com','6ff726b9e9ade9923250cf86012b11dda2ebc205',9598966173,''),(87,'Colton','Balistreri','delia.tillman@example.net','371da695b2fef7ab4a6a51e65981ae2c96779a15',9592586591,''),(88,'Obie','Hackett','ecummerata@example.net','be0be51675a1c45e7d5199dde4df20f82dde1725',9815261914,''),(89,'Floy','Swaniawski','vstroman@example.org','4c82a7d120f70301118b9df13451749ee2c81edc',9972212782,'\0'),(90,'Casimir','Heathcote','bnienow@example.com','f7f8cd30d223c6d2b2061e2e33138b3e2fcbda8a',9818009261,''),(91,'Deondre','Witting','nolan61@example.org','02963ffe046d22a1623c9ab6649f17ccb547aacd',9061217205,''),(92,'Aliyah','Hamill','ccormier@example.net','45081c229a20aeaf64742fe07c2d9affd5d3b9a6',9312181324,''),(93,'Linwood','Hirthe','kari.smitham@example.net','cd9922cdb4920ae8f7eaaf7627041fdf268c528a',9445308859,''),(94,'Keshawn','Kovacek','welch.lorenzo@example.net','d039beece7fef9d5d6c95628a1e5d24a8ebdbcdb',9388303067,''),(95,'Layla','Fahey','thauck@example.org','0c21fb750bcb043d54d1587e69aa8532677d6501',9211878053,''),(96,'Camylle','Adams','jacinthe.zemlak@example.com','4ef6086c2b7363cae04516b213c7bbe4eb59493d',9674033090,''),(97,'Velda','Wilkinson','kbernhard@example.net','8467766263476007066bf8f5be55f31d19eb6c14',9698492319,''),(98,'Lavern','Stiedemann','sandrine00@example.org','46ea894311cb8e91d0b44e64703a3ca71d5dcd65',9734922673,''),(99,'Alyce','Dickens','isobel.hammes@example.org','bcf3ed53037d9ff54b1546622db5490f1e63d1c1',9198958418,''),(100,'Lexie','Bins','fahey.emery@example.org','f7cc0d7c4dc733848ba7af92e938775ecad0d9fb',9206641131,'');
/*!40000 ALTER TABLE `users` ENABLE KEYS */;
UNLOCK TABLES;

--
-- Table structure for table `users_communities`
--

DROP TABLE IF EXISTS `users_communities`;
/*!40101 SET @saved_cs_client     = @@character_set_client */;
/*!40101 SET character_set_client = utf8 */;
CREATE TABLE `users_communities` (
  `user_id` bigint(20) unsigned NOT NULL,
  `community_id` bigint(20) unsigned NOT NULL,
  PRIMARY KEY (`user_id`,`community_id`),
  KEY `community_id` (`community_id`),
  CONSTRAINT `users_communities_ibfk_1` FOREIGN KEY (`user_id`) REFERENCES `users` (`id`) ON DELETE CASCADE ON UPDATE CASCADE,
  CONSTRAINT `users_communities_ibfk_2` FOREIGN KEY (`community_id`) REFERENCES `communities` (`id`) ON DELETE CASCADE ON UPDATE CASCADE
) ENGINE=InnoDB DEFAULT CHARSET=utf8mb4 COLLATE=utf8mb4_unicode_ci;
/*!40101 SET character_set_client = @saved_cs_client */;

--
-- Dumping data for table `users_communities`
--

LOCK TABLES `users_communities` WRITE;
/*!40000 ALTER TABLE `users_communities` DISABLE KEYS */;
INSERT INTO `users_communities` VALUES (1,1),(2,2),(3,3),(4,4),(5,5),(6,6),(7,7),(8,8),(9,9),(10,10),(11,11),(12,12),(13,13),(14,14),(15,15),(16,16),(17,17),(18,18),(19,19),(20,20),(21,21),(22,22),(23,23),(24,24),(25,25),(26,26),(27,27),(28,28),(29,29),(30,30),(31,31),(32,32),(33,33),(34,34),(35,35),(36,36),(37,37),(38,38),(39,39),(40,40),(41,41),(42,42),(43,43),(44,44),(45,45),(46,46),(47,47),(48,48),(49,49),(50,50),(51,51),(52,52),(53,53),(54,54),(55,55),(56,56),(57,57),(58,58),(59,59),(60,60),(61,61),(62,62),(63,63),(64,64),(65,65),(66,66),(67,67),(68,68),(69,69),(70,70),(71,71),(72,72),(73,73),(74,74),(75,75),(76,76),(77,77),(78,78),(79,79),(80,80),(81,81),(82,82),(83,83),(84,84),(85,85),(86,86),(87,87),(88,88),(89,89),(90,90),(91,91),(92,92),(93,93),(94,94),(95,95),(96,96),(97,97),(98,98),(99,99),(100,100);
/*!40000 ALTER TABLE `users_communities` ENABLE KEYS */;
UNLOCK TABLES;
/*!40103 SET TIME_ZONE=@OLD_TIME_ZONE */;

/*!40101 SET SQL_MODE=@OLD_SQL_MODE */;
/*!40014 SET FOREIGN_KEY_CHECKS=@OLD_FOREIGN_KEY_CHECKS */;
/*!40014 SET UNIQUE_CHECKS=@OLD_UNIQUE_CHECKS */;
/*!40101 SET CHARACTER_SET_CLIENT=@OLD_CHARACTER_SET_CLIENT */;
/*!40101 SET CHARACTER_SET_RESULTS=@OLD_CHARACTER_SET_RESULTS */;
/*!40101 SET COLLATION_CONNECTION=@OLD_COLLATION_CONNECTION */;
/*!40111 SET SQL_NOTES=@OLD_SQL_NOTES */;

-- Dump completed on 2021-02-01 10:39:30

-- ================================================================================================
-- Задача № 2. Написать скрипт, возвращающий список имен (только firstname) пользователей 
-- без повторений в алфавитном порядке.

select distinct firstname from users
order by firstname;

-- При тестировании отсортировал в алфавитном порядке без order by firstname

-- ================================================================================================
-- Задача № 3. Первые пять пользователей пометить как удаленные.

-- 1) Обновляю рандомные значения колонки is_deleted на "0" для всех пользователей:

update users
set
	is_deleted = 0;

-- 2) Обновляю значения	колонки is_deleted для первых пяти пользователей как удаленные - "1"

update users
set
	is_deleted = 1
limit 5;

-- ================================================================================================
-- Задача № 4. Написать скрипт, удаляющий сообщения «из будущего» (дата больше сегодняшней).

delete from messages 
where created_at > now(); 










